diamond price,inflation rate,interest rate,fed rate,gold price
10385.16,2.4,-0.84,0.06,1890.97
10385.16,2.42,-0.79,0.06,1871.36
10378.43,2.44,-0.85,0.06,1907.75
10376.1,2.46,-0.84,0.06,1900.49
10368.67,NA,NA,0.05,1905.74
10365.69,NA,NA,0.05,1909.29
10367.29,NA,NA,0.05,NA
10359.25,2.42,-0.84,0.05,1909.49
10349.93,2.42,-0.81,0.06,1896.79
10344.62,2.4,-0.82,0.06,1896.74
10341.16,2.42,-0.86,0.06,1899.14
10333.48,2.44,-0.83,0.06,1880.24
10331.22,NA,NA,0.06,1881.3
10337.47,NA,NA,0.06,NA
10331.26,2.43,-0.8,0.06,1881.3
10329.37,2.41,-0.78,0.06,1876.84
10326.66,2.48,-0.8,0.06,1869.59
10324.2,2.52,-0.88,0.06,1869.89
10322.89,2.54,-0.9,0.06,1865.79
10318.45,NA,NA,0.06,NA
10315.46,NA,NA,0.06,NA
10314.04,2.51,-0.88,0.06,1843.19
10308.93,2.51,-0.85,0.06,1827.01
10305.53,2.54,-0.85,0.06,1816.49
10304.55,2.53,-0.89,0.06,1837.39
10297.42,2.54,-0.91,0.06,1835.94
10298.41,NA,NA,0.06,1840.69
10299.44,NA,NA,0.06,1840.69
10292.55,2.49,-0.89,0.06,1830.86
10282.05,2.45,-0.87,0.06,1815.57
10281.39,2.47,-0.88,0.06,1785.65
10276.45,2.42,-0.81,0.06,1779.04
10277.58,2.42,-0.79,0.06,1792.32
10271.92,NA,NA,0.05,1787.05
10266.48,NA,NA,0.05,1807.4
10259.99,2.41,-0.76,0.05,1768.95
10250.67,2.42,-0.77,0.06,1770.8
10244.09,2.41,-0.78,0.07,1780.92
10241.67,2.39,-0.76,0.07,1776.5
10237.52,2.36,-0.78,0.07,1780.44
10229.39,NA,NA,0.07,NA
10228.12,NA,NA,0.07,NA
10226.91,2.34,-0.76,0.07,1778.18
10226.87,2.33,-0.76,0.07,1784.25
10220.96,2.33,-0.76,0.07,1793.9
10219.47,2.32,-0.74,0.07,1778
10211.07,2.34,-0.73,0.07,1770.31
10207.65,NA,NA,0.07,1779.5
10203.66,NA,NA,0.07,1782.5
10202.06,2.36,-0.77,0.07,1782.5
10199.11,2.33,-0.77,0.07,1763.6
10193.51,2.33,-0.69,0.07,1737.1
10193.1,2.33,-0.69,0.07,1744.3
10182.95,2.33,-0.64,0.07,1733.4
10175.64,NA,NA,0.07,1744.1
10175.67,NA,NA,0.07,1744.1
10172.99,2.31,-0.64,0.07,1744.1
10170.01,2.33,-0.69,0.07,1756.38
10167.26,2.34,-0.66,0.07,1737.65
10164.47,2.32,-0.65,0.07,1744.15
10161.57,2.35,-0.62,0.07,1728.1
10162.35,NA,NA,0.07,1729.8
10156.21,NA,NA,0.07,NA
10153.34,2.36,-0.64,0.07,1729.8
10155.28,2.35,-0.66,0.07,1729.8
10152.17,2.37,-0.63,0.06,1707.2
10152.62,2.35,-0.62,0.07,1685.25
10159.18,2.36,-0.63,0.07,1712.3
10153.67,NA,NA,0.07,1720.5
10150.17,NA,NA,0.07,NA
10146.98,2.34,-0.67,0.07,1731.93
10147.22,2.32,-0.69,0.07,1727.6
10141.22,2.31,-0.69,0.07,1734.2
10138.39,2.29,-0.66,0.07,1727.5
10135.19,2.33,-0.64,0.07,1739.55
10131.97,NA,NA,0.07,1739.9
10127.09,NA,NA,0.07,1749.6
10123.84,2.31,-0.57,0.07,1749.6
10118.14,2.27,-0.56,0.07,1736.6
10116.9,2.3,-0.67,0.07,1747.71
10112.05,2.3,-0.68,0.07,1732.1
10105.56,2.27,-0.65,0.07,1731.2
10100.82,NA,NA,0.07,1726.85
10097.9,NA,NA,0.07,NA
10098.87,2.26,-0.62,0.07,1726.85
10091.85,2.28,-0.74,0.07,1722.77
10076.72,2.26,-0.73,0.07,1726.65
10071.02,2.21,-0.66,0.07,1715.9
10071.24,2.21,-0.62,0.07,1684.55
10070.32,NA,NA,0.07,1700.8
10070.34,NA,NA,0.07,1700.8
10074.11,2.22,-0.66,0.07,1700.8
10067.02,2.2,-0.66,0.07,1698.39
10065.01,2.21,-0.74,0.07,1709.86
10065.4,2.2,-0.78,0.07,1738.1
10064.65,2.16,-0.71,0.07,1724.7
10065.89,NA,NA,0.07,1734.4
10064.5,NA,NA,0.07,NA
10060.14,2.15,-0.71,0.07,1734.4
10052.9,2.14,-0.6,0.07,1769.9
10044.2,2.17,-0.79,0.07,1805
10046.2,2.16,-0.79,0.07,1805.6
10043.36,2.16,-0.79,0.07,1809.95
10034.65,NA,NA,0.07,1794.4
10031.81,NA,NA,0.07,NA
10033.78,2.14,-0.8,0.07,1784.05
10037.39,2.16,-0.87,0.07,1775.7
10035.86,2.21,-0.92,0.08,1776.35
10030.11,2.24,-0.94,0.08,1794.95
10024.47,NA,NA,0.08,1818.85
10014.51,NA,NA,0.08,1822.43
10013.64,NA,NA,0.08,1822.43
10012.5,2.21,-1.01,0.08,1822.43
10006.63,2.2,-1.04,0.08,1826.5
10003.54,2.21,-1.06,0.08,1843.4
9994.95,2.22,-1.04,0.08,1838.95
9989.18,2.22,-1.03,0.07,1831.26
9978.76,NA,NA,0.08,1810.8
9974.91,NA,NA,0.08,NA
9967.93,2.21,-1.02,0.08,1810.8
9962.4,2.17,-1.02,0.08,1794
9955.06,2.19,-1.04,0.08,1833.85
9952.17,2.15,-1.03,0.08,1837.9
9950.1,2.11,-1.02,0.08,1860
9942.39,NA,NA,0.07,1874
9935.34,NA,NA,0.07,NA
9931.86,2.13,-1.02,0.07,1847.76
9928.98,2.13,-1.06,0.07,1842.9
9926.88,2.08,-1.04,0.08,1844.91
9922.93,2.08,-1.03,0.08,1850.8
9919.07,2.08,-1.03,0.08,1855.9
9914.68,NA,NA,0.08,1852.75
9915.5,NA,NA,0.08,NA
9911.89,2.09,-0.99,0.08,1855.9
9909.56,2.1,-0.98,0.08,1869.65
9904.69,2.12,-1.02,0.09,1870.53
9900.91,2.1,-1,0.09,1840.3
9893.67,NA,NA,0.09,1836.9
9894.55,NA,NA,0.09,1827.5
9892.7,NA,NA,0.09,NA
9888.39,2.1,-0.99,0.09,1828.45
9884.31,2.09,-0.94,0.09,1846.1
9876.1,2.06,-0.96,0.09,1845.37
9868.29,2.08,-0.93,0.09,1855
9862.71,2.06,-0.91,0.09,1842.51
9855.28,NA,NA,0.09,1848.88
9851.34,NA,NA,0.09,NA
9841.72,2.06,-0.93,0.09,1848.88
9836.43,2.09,-1.01,0.09,1913.05
9836.43,2.06,-1.02,0.09,1919.05
9829.49,2.03,-1.07,0.09,1949.48
9814.61,2.01,-1.08,0.09,1942.14
9817.44,NA,NA,0.09,1898.66
9813.46,NA,NA,0.09,NA
9813.69,NA,NA,0.09,NA
9812.21,1.99,-1.06,0.09,1897.7
9812.21,1.96,-1.03,0.09,1894.7
9813.69,1.96,-1.02,0.09,1877.89
9802.3,1.97,-1.03,0.09,1873.45
9802.94,NA,NA,0.09,1908.7
9802.6,NA,NA,0.09,NA
9801.17,NA,NA,0.09,1908.7
9799.22,1.97,-1.03,0.09,1857.2
9800.97,1.97,-1.01,0.09,1872.33
9802.71,1.94,-1.01,0.09,1860.99
9801.41,1.95,-1,0.09,1877.05
9799.26,NA,NA,0.09,1867.47
9797.04,NA,NA,0.09,NA
9788.17,1.95,-1,0.09,1882.43
9783.73,1.94,-1,0.09,1885.65
9783.31,1.92,-1,0.09,1865.35
9787.98,1.91,-0.99,0.09,1853.5
9790.6,1.88,-0.98,0.09,1828
9789.82,NA,NA,0.09,NA
9788.01,NA,NA,0.09,NA
9789.49,1.87,-0.97,0.09,1838.53
9792.15,1.88,-0.96,0.09,1836.4
9794.1,1.91,-0.96,0.09,1839.8
9795.49,1.89,-0.97,0.09,1869.5
9794.39,1.88,-0.94,0.09,1861.4
9789.05,NA,NA,0.09,NA
9786.78,NA,NA,0.09,NA
9784.07,1.89,-0.92,0.09,1839.54
9782.11,1.86,-0.94,0.09,1841.5
9771.59,1.85,-0.9,0.09,1831.05
9773.41,1.81,-0.89,0.09,1814.8
9774.99,1.77,-0.93,0.09,1777.1
9770.82,NA,NA,0.08,1789.8
9767.2,NA,NA,0.08,NA
9759,1.75,-0.91,0.08,1788.5
9751.21,NA,NA,0.08,1811.38
9751.4,1.75,-0.87,0.08,1807.6
9757.11,1.74,-0.86,0.08,1807.41
9758.71,1.71,-0.85,0.08,1838.33
9757.19,NA,NA,0.08,1870.14
9751.49,NA,NA,0.08,1870.14
9753.91,1.69,-0.86,0.08,1870.14
9751.6,1.7,-0.84,0.08,1867.05
9746.67,1.7,-0.82,0.09,1873.3
9747.36,1.7,-0.83,0.09,1879.1
9749.29,1.72,-0.81,0.09,1888.53
9740.07,NA,NA,0.09,NA
9737.25,NA,NA,0.09,NA
9734.21,1.72,-0.83,0.09,1890.41
9730.68,1.71,-0.83,0.09,1878
9732.91,NA,NA,0.09,1865.98
9735.15,1.76,-0.78,0.09,1877.79
9725.84,1.73,-0.77,0.09,1861.68
9721.35,NA,NA,0.09,1958.2
9721.33,NA,NA,0.09,NA
9713.3,1.65,-0.82,0.09,1951.25
9713.1,1.66,-0.87,0.09,1949.35
9708.27,1.64,-0.86,0.09,1904.25
9704.72,1.72,-0.82,0.09,1909.32
9698.62,1.71,-0.84,0.09,1894.45
9698.96,NA,NA,0.09,1878.95
9689.93,NA,NA,0.09,1878.95
9686.21,1.7,-0.82,0.09,1878.95
9683.27,1.71,-0.86,0.09,1866.65
9674.14,1.7,-0.91,0.09,1878.2
9667.15,1.71,-0.92,0.09,1904.8
9662.75,1.72,-0.91,0.09,1902.6
9658.87,NA,NA,0.09,1896.65
9655.51,NA,NA,0.09,NA
9649.06,1.75,-0.9,0.09,1901.55
9643.34,1.76,-0.89,0.09,1904.15
9637.96,1.74,-0.91,0.09,1924.6
9637.25,1.72,-0.91,0.09,1906.65
9633.21,1.71,-0.93,0.09,1904.33
9629.62,NA,NA,0.09,1899.4
9621.39,NA,NA,0.09,NA
9618.52,1.71,-0.95,0.09,1899.4
9610.9,1.69,-0.95,0.09,1908.1
9605.16,1.69,-0.96,0.09,1900.33
9594.79,1.7,-0.96,0.09,1890.35
9579.25,NA,NA,0.09,1922.94
9563.9,NA,NA,0.09,1930.43
9558.07,NA,NA,0.09,1930.43
9551.08,1.73,-0.94,0.09,1930.43
9547.61,1.72,-0.94,0.09,1893.95
9545.14,1.71,-0.9,0.09,1887.3
9539.48,1.66,-0.9,0.09,1878.3
9534.51,1.68,-0.9,0.09,1913.45
9528.85,NA,NA,0.09,1899.7
9523.73,NA,NA,0.09,NA
9517.39,1.64,-0.94,0.09,1899.7
9516.35,1.63,-0.95,0.09,1906
9512.68,1.63,-0.94,0.09,1885.95
9513.91,1.64,-0.98,0.09,1897.81
9509.9,1.61,-0.94,0.09,1880.98
9505.65,NA,NA,0.09,1855.5
9499.42,NA,NA,0.09,1861.05
9491.32,1.58,-0.92,0.09,1861.05
9491.85,1.58,-0.91,0.09,1868.69
9487.61,1.6,-0.92,0.09,1863.4
9487.04,1.62,-0.94,0.09,1900.2
9480.65,1.62,-0.94,0.09,1912.35
9475.6,NA,NA,0.09,1962
9476.93,NA,NA,0.09,1962
9472.45,1.67,-0.97,0.09,1951.33
9467.78,1.66,-0.97,0.09,1944.98
9461.64,1.68,-0.99,0.09,1959.75
9458.68,1.67,-0.99,0.09,1953.88
9458.68,1.65,-0.97,0.09,1956.7
9451.8,NA,NA,0.09,1940.4
9445.02,NA,NA,0.09,1940.4
9440.84,1.65,-0.98,0.09,1940.4
9435.34,1.69,-1.01,0.09,1946.35
9434.94,1.71,-1,0.09,1946.5
9432.4,1.68,-0.99,0.09,1931.35
9429.71,NA,NA,0.09,1928.55
9426.01,NA,NA,0.09,1933.83
9419.89,NA,NA,0.09,NA
9413.23,1.7,-0.98,0.09,1933.83
9405.68,1.65,-1.02,0.09,1930.3
9404.5,1.73,-1.07,0.09,1942.89
9397.97,1.76,-1.08,0.09,1970.45
9384.52,1.8,-1.08,0.09,1967.9
9382.03,NA,NA,0.09,NA
9377.2,NA,NA,0.09,1964.95
9375.27,1.77,-1.03,0.09,1964.95
9373.87,1.73,-0.99,0.08,1929.5
9360.87,1.72,-1.03,0.09,1953.3
9359.46,1.7,-1.01,0.09,1928.4
9343.66,1.67,-1.02,0.09,1927.98
9335.4,NA,NA,0.09,1947.5
9330.36,NA,NA,0.09,NA
9325,1.64,-1,0.09,1940.23
9327.32,1.62,-0.97,0.09,1947.05
9324.84,1.67,-0.99,0.09,1930.48
9319.27,1.68,-1.01,0.09,2000.62
9315.09,1.66,-0.97,0.1,1985.07
9308.92,NA,NA,0.1,1947.04
9304.38,NA,NA,0.1,1945.35
9301.33,1.65,-0.94,0.1,1945.35
9300.89,1.67,-0.96,0.1,1954.03
9303,1.67,-0.98,0.1,1914.39
9303.65,1.63,-0.99,0.1,1912.43
9302.18,1.61,-1.02,0.1,2027.08
9293.22,NA,NA,0.1,2035.99
9291.25,NA,NA,0.1,2035.99
9284,1.61,-1.04,0.1,2035.99
9276.63,1.63,-1.08,0.1,2063.68
9277.91,1.61,-1.06,0.1,2038.15
9274.48,1.57,-1.05,0.1,2018.51
9281.65,1.58,-1.02,0.1,1976.35
9281.65,NA,NA,0.1,1975.9
9295.29,NA,NA,0.1,1975.9
9288.29,1.55,-1,0.1,1975.9
9281.7,1.52,-0.97,0.1,1956.05
9273.06,1.53,-0.95,0.1,1970.92
9275.95,1.51,-0.92,0.1,1959.6
9279.32,1.52,-0.9,0.1,1942.55
9277.92,NA,NA,0.09,1901.65
9279.18,NA,NA,0.09,1901.65
9277.22,1.51,-0.92,0.09,1901.65
9284.4,1.49,-0.9,0.09,1887.3
9283.82,1.48,-0.88,0.09,1872.53
9285.01,1.48,-0.87,0.1,1841.9
9273.46,1.46,-0.84,0.1,1817.73
9275.28,NA,NA,0.09,1809.9
9278.93,NA,NA,0.09,1809.9
9276.79,1.46,-0.82,0.09,1809.9
9281.02,1.41,-0.79,0.1,1797.89
9281.84,1.41,-0.77,0.1,1809.09
9283.89,1.41,-0.78,0.09,1808.6
9279.4,1.42,-0.78,0.09,1802.5
9274.87,NA,NA,0.09,1799.3
9272.28,NA,NA,0.09,1799.3
9277.67,1.41,-0.76,0.09,1799.3
9277.43,1.39,-0.77,0.09,1803.5
9278.53,1.42,-0.75,0.09,1809.15
9282.06,1.43,-0.78,0.09,1793.25
9283.84,1.45,-0.76,0.09,1784.5
9278.39,NA,NA,0.09,NA
9276.46,NA,NA,0.09,1784.5
9283.35,NA,NA,0.09,1774.91
9281.9,1.41,-0.73,0.09,1773.03
9287.89,1.37,-0.68,0.08,1769.99
9296.15,1.34,-0.68,0.08,1779.55
9303.69,1.34,-0.7,0.08,1770.4
9308.3,NA,NA,0.08,1771.05
9307.32,NA,NA,0.08,1771.05
9308.38,1.32,-0.68,0.08,1771.05
9311.19,1.33,-0.65,0.08,1762.14
9319.21,1.33,-0.64,0.08,1762.6
9327.81,1.38,-0.66,0.08,1769.1
9332.95,1.34,-0.63,0.08,1754.7
9333.95,NA,NA,0.09,1743.95
9337.08,NA,NA,0.09,1743.95
9332.38,1.3,-0.6,0.09,1743.95
9331.32,1.28,-0.57,0.09,1721.95
9337.31,1.26,-0.52,0.09,1726.63
9341.82,1.27,-0.52,0.09,1728.57
9341.68,1.23,-0.52,0.09,1725.75
9344.27,NA,NA,0.08,1730.8
9344.26,NA,NA,0.08,1730.8
9340.76,1.21,-0.5,0.08,1730.8
9347.43,1.21,-0.55,0.08,1726.3
9370.58,1.27,-0.52,0.08,1737.07
9370.45,1.26,-0.42,0.07,1714.5
9372.33,1.28,-0.4,0.07,1698.51
9370.03,NA,NA,0.07,1683.65
9375.01,NA,NA,0.07,1683.65
9388.86,1.27,-0.36,0.07,1683.65
9380.21,1.22,-0.4,0.06,1713.39
9368.34,1.21,-0.44,0.06,1698.1
9375.56,1.18,-0.5,0.06,1727.99
9376.03,1.18,-0.52,0.05,1739.98
9386.6,NA,NA,0.05,NA
9412.18,NA,NA,0.05,1730.35
9411.74,1.15,-0.5,0.05,1730.35
9405.87,1.18,-0.48,0.05,1720.05
9408.61,1.14,-0.46,0.05,1708.8
9405.21,1.13,-0.44,0.05,1711.78
9405.4,NA,NA,0.05,1729.13
9400.94,NA,NA,0.05,1736.69
9401.26,NA,NA,0.05,1736.69
9397.84,1.12,-0.46,0.05,1736.35
9392.64,1.14,-0.46,0.05,1726.55
9384.19,1.16,-0.48,0.05,1748.98
9383.08,1.15,-0.45,0.05,1744.09
9375.45,1.17,-0.44,0.05,1732.4
9375.38,NA,NA,0.05,NA
9363.32,NA,NA,0.05,1743.55
9364.18,1.09,-0.45,0.05,1743
9365.19,1.06,-0.43,0.05,1732.05
9376.51,1.07,-0.43,0.05,1715.63
9370.64,1.09,-0.4,0.05,1702.04
9364.1,1.13,-0.4,0.05,1697.4
9365.18,NA,NA,0.05,1702.65
9369.24,NA,NA,0.05,1702.65
9380.04,1.12,-0.43,0.05,1702.65
9384.2,1.08,-0.45,0.05,1717.93
9387.11,1.1,-0.38,0.05,1685.5
9390.56,1.1,-0.44,0.05,1707.03
9397.22,1.07,-0.43,0.05,1701.4
9392.98,NA,NA,0.05,NA
9397.02,NA,NA,0.05,NA
9399.02,1.06,-0.42,0.05,1700.4
9400.77,1.07,-0.43,0.05,1686.8
9397.84,1.14,-0.51,0.04,1712.27
9397.82,1.14,-0.52,0.04,1708.8
9397.27,1.17,-0.5,0.04,1714.9
9401.22,NA,NA,0.05,1734.41
9404.44,NA,NA,0.05,NA
9410.38,1.11,-0.51,0.05,1729.43
9415.49,1.05,-0.44,0.04,1732.54
9423.23,1.06,-0.43,0.05,1715.2
9484.01,0.96,-0.38,0.05,1687.5
9513.56,0.94,-0.31,0.05,1694.13
9523.06,NA,NA,0.05,NA
9527.48,NA,NA,0.05,NA
9540.35,1.01,-0.36,0.05,1683.85
9547.19,1.03,-0.42,0.05,1717.7
9552.3,1.19,-0.56,0.05,1716.9
9563.39,1.29,-0.53,0.05,1730.45
9579.74,1.26,-0.5,0.05,1714.3
9591.17,NA,NA,0.05,NA
9586.8,NA,NA,0.05,NA
9597.35,NA,NA,0.05,1696.9
9599.88,1.23,-0.5,0.05,1683.89
9599.67,1.19,-0.42,0.05,1646
9593.05,1.17,-0.42,0.05,1648.96
9591.16,1.14,-0.47,0.05,1664.7
9594.34,NA,NA,0.05,1618.45
9603.37,NA,NA,0.05,NA
9601.75,1.08,-0.46,0.05,1618.45
9608.49,1.03,-0.4,0.05,1614.3
9611.54,0.91,-0.29,0.06,1595.05
9612,0.87,-0.17,0.08,1571
9609.78,0.95,-0.25,0.09,1623.58
9607.45,NA,NA,0.1,1622
9613.66,NA,NA,0.1,NA
9609.65,0.94,-0.22,0.1,1623.5
9615.15,1.07,-0.24,0.1,1631.8
9617.54,1.07,-0.19,0.1,1611.8
9621.26,0.97,-0.13,0.12,1630.65
9623.12,0.8,-0.04,0.15,1566.05
9622.71,NA,NA,0.15,1490.85
9627.43,NA,NA,0.15,NA
9641.16,0.75,0.17,0.15,1498.6
9649.04,0.5,0.62,0.2,1467.4
9658.41,0.63,0.55,0.25,1484.25
9662.81,0.63,0.39,0.25,1537.15
9672.38,0.73,0,0.25,1507.5
9690.68,NA,NA,1.1,NA
9695.47,NA,NA,1.1,NA
9700.07,0.9,0.04,1.1,1529.3
9706.94,0.92,-0.04,1.1,1574.8
9706.52,0.96,-0.14,1.09,1638.35
9712.17,1,-0.24,1.09,1653.8
9717.43,0.99,-0.45,1.09,1673.6
9717.56,NA,NA,1.09,1697.4
9720.54,NA,NA,1.09,NA
9728.24,1.31,-0.57,1.09,1673.75
9725.68,1.4,-0.48,1.09,1672.28
9727.49,1.46,-0.44,1.09,1636.85
9735.76,1.45,-0.43,1.59,1640.95
9743.2,1.41,-0.31,1.59,1589.8
9746.04,NA,NA,1.58,NA
9748.03,NA,NA,1.58,NA
9753.36,1.41,-0.28,1.58,1585.85
9747.38,1.53,-0.23,1.58,1645.3
9758.61,1.54,-0.21,1.58,1640.9
9766.9,1.53,-0.2,1.58,1634.95
9771.57,1.59,-0.21,1.58,1659.35
9770.55,NA,NA,1.58,1643.45
9769.25,NA,NA,1.58,NA
9769.36,1.61,-0.15,1.58,1643.45
9765.71,1.63,-0.11,1.59,1619.75
9762.87,1.65,-0.09,1.59,1611.35
9757.1,1.65,-0.1,1.59,1601.6
9759.69,NA,NA,1.58,1581.05
9762.8,NA,NA,1.58,NA
9759,NA,NA,1.58,NA
9763,1.66,-0.07,1.58,1583.8
9764.99,1.67,-0.06,1.58,1575.95
9771.21,1.66,-0.04,1.58,1566.1
9779,1.65,-0.06,1.58,1567.65
9790,1.66,-0.1,1.58,1571.98
9789.53,NA,NA,1.58,1574.85
9783.01,NA,NA,1.58,NA
9783.93,1.66,-0.07,1.58,1574.85
9784.46,1.67,-0.02,1.59,1566.35
9780.93,1.66,0,1.59,1556
9783.4,1.64,-0.03,1.59,1549.45
9781.56,1.63,-0.09,1.59,1576.95
9779.85,NA,NA,1.59,1589.65
9774.27,NA,NA,1.59,NA
9773.72,1.65,-0.14,1.59,1589.65
9771.98,1.64,-0.07,1.6,1574.45
9780.12,1.64,-0.04,1.55,1577.03
9793.02,1.65,0,1.55,1567.25
9791.79,1.63,-0.02,1.55,1581.65
9795.74,NA,NA,1.55,1571.85
9791.68,NA,NA,1.55,NA
9788.79,1.68,0.02,1.55,1571.85
9789.45,1.7,0.04,1.55,1562.9
9793.71,1.72,0.05,1.55,1558.65
9791.9,1.74,0.04,1.55,1558.05
9793.31,NA,NA,1.55,1560.55
9800.97,NA,NA,1.55,1557.3
9813.01,NA,NA,1.55,1557.3
9817.21,1.75,0.09,1.55,1557.3
9821.16,1.74,0.07,1.54,1552.65
9816.17,1.75,0.04,1.54,1556.25
9815.92,1.77,0.05,1.54,1546.55
9815.88,1.77,0.08,1.54,1548.25
9805.33,NA,NA,1.54,1562.34
9803.97,NA,NA,1.54,NA
9807.76,1.76,0.07,1.54,1562.34
9806.99,1.74,0.11,1.55,1552.64
9816.52,1.75,0.12,1.55,1556.55
9812.78,1.74,0.09,1.55,1560.2
9813.34,1.75,0.06,1.55,1565.93
9808.43,NA,NA,1.55,NA
9803.63,NA,NA,1.55,NA
9804.4,1.77,0.03,1.55,1569.25
9815.3,1.8,0.08,1.55,1528.85
9814.93,NA,NA,1.55,NA
9815.83,1.77,0.15,1.55,1517.25
9815.44,1.75,0.15,1.55,1514.85
9816.92,NA,NA,1.55,1450.45
9813.94,NA,NA,1.55,NA
9819.44,1.73,0.15,1.55,1511.25
9820.67,1.74,0.16,1.55,1517.4
9821.16,NA,NA,1.55,1503.3
9821.64,1.75,0.15,1.55,1465.18
9821.23,1.75,0.18,1.55,1485.45
9819.5,NA,NA,1.55,1349.6
9814.35,NA,NA,1.55,NA
9811.11,1.77,0.15,1.55,1530.8
9808.24,1.77,0.15,1.55,1479.1
9814.19,1.76,0.16,1.55,1475.73
9814.19,1.75,0.14,1.55,1476.33
9815.85,1.73,0.16,1.56,1475.85
9812.95,NA,NA,1.55,1530.4
9812.67,NA,NA,1.55,NA
9807.89,1.7,0.12,1.55,1530.8
9804.82,1.72,0.18,1.55,1469.5
9809.05,1.69,0.1,1.55,1474.6
9808.79,1.71,0.14,1.55,1464.18
9814.46,1.69,0.14,1.55,1461.45
9808.39,NA,NA,1.55,1460.25
9798.88,NA,NA,1.55,1460.25
9801.09,1.69,0.15,1.55,1460.25
9801.14,1.67,0.13,1.55,1448.4
9791.77,1.66,0.11,1.55,1474.45
9793.82,1.63,0.09,1.55,1477.6
9795.45,1.65,0.18,1.56,1462.75
9802.3,NA,NA,1.56,1469.4
9811.52,NA,NA,1.56,NA
9811.28,1.61,0.17,1.56,1530.58
9807.35,NA,NA,1.55,1467.5
9804.35,1.63,0.14,1.55,1454.63
9807.03,1.62,0.12,1.55,1461.35
9810.29,1.62,0.14,1.55,1455.43
9816.93,NA,NA,1.55,1462.05
9810.7,NA,NA,1.55,NA
9821.05,1.62,0.15,1.55,1462.05
9838.58,1.63,0.14,1.55,1464.35
9873.72,1.6,0.13,1.55,1471.38
9875.03,1.63,0.16,1.55,1472.55
9877.57,1.63,0.18,1.55,1471.45
9874.57,NA,NA,1.55,1466.55
9876.79,NA,NA,1.55,NA
9872.42,1.63,0.21,1.55,1466.55
9872.63,1.62,0.2,1.55,1471.08
9869.85,1.66,0.22,1.55,1463.38
9868.86,1.7,0.22,1.55,1456.05
9865.23,NA,NA,1.55,1455.75
9860.47,NA,NA,1.55,1530.4
9856.87,NA,NA,1.55,NA
9858.45,1.71,0.23,1.55,1458.75
9854.38,1.69,0.23,1.55,1468.85
9857,1.66,0.15,1.55,1490.3
9861.1,1.68,0.18,1.56,1483.78
9867.6,1.64,0.15,1.56,1509.35
9874.79,NA,NA,1.57,1513.95
9865.83,NA,NA,1.57,NA
9859.45,1.59,0.14,1.57,1513.95
9864.12,1.54,0.15,1.58,1512.25
9859.15,1.57,0.21,1.82,1495.6
9858.14,1.61,0.23,1.82,1487.45
9862.21,1.64,0.21,1.83,1492.1
9862.04,NA,NA,1.83,1503.3
9859.69,NA,NA,1.83,NA
9859.72,1.65,0.15,1.83,1504.73
9860.55,1.62,0.15,1.85,1503.65
9863.33,1.61,0.16,1.85,1492.1
9861.21,1.61,0.17,1.85,1494.55
9860.6,1.61,0.19,1.85,1494.55
9853.9,NA,NA,1.85,1497.55
9856.92,NA,NA,1.85,NA
9861.29,1.6,0.16,1.85,1497.55
9858.65,1.59,0.17,1.85,1512.15
9856.45,1.57,0.18,1.9,1493.45
9855.96,1.56,0.21,1.9,1504.85
9860.12,NA,NA,1.82,1492.98
9859.55,NA,NA,1.82,1489.85
9858.88,NA,NA,1.82,NA
9853.38,1.56,0.2,1.82,1489.85
9850.54,1.52,0.15,1.82,1494.25
9858.68,1.49,0.1,1.82,1490.15
9861.2,1.48,0.06,1.82,1505.48
9865.71,1.51,0.05,1.82,1493.63
9865.38,NA,NA,1.82,1520.55
9866.6,NA,NA,1.82,NA
9865.62,1.5,0.02,1.82,1520.55
9860.74,1.48,0.06,1.83,1505.35
9858.33,1.5,0.1,1.85,1499.5
9855.94,1.52,0.13,1.88,1448.2
9862.53,1.53,0.15,1.9,1472.25
9868.45,NA,NA,1.83,1496.95
9867.33,NA,NA,1.83,NA
9863.58,1.53,0.16,1.83,1496.95
9862,1.57,0.13,1.85,1492.15
9861.05,1.6,0.13,1.9,1504.15
9858.51,1.58,0.06,1.9,1531.65
9850.1,1.61,0.11,1.9,1504.15
9833.6,NA,NA,1.9,1517.15
9791.67,NA,NA,1.9,NA
9793.78,1.61,0.13,1.9,1517.15
9797.85,1.61,0.18,1.9,1499.23
9798.99,1.59,0.21,2.25,1494.13
9806.37,1.66,0.15,2.3,1501.15
9808.6,1.67,0.17,2.25,1498.63
9809.68,NA,NA,2.14,NA
9813.37,NA,NA,2.14,NA
9809.67,1.67,0.23,2.14,1483.25
9809.67,1.63,0.16,2.13,1499.15
9811.68,1.6,0.15,2.13,1496.98
9826.39,1.6,0.12,2.13,1485.65
9832.49,1.57,0.06,2.13,1499.13
9828.55,NA,NA,2.12,1502.15
9828.93,NA,NA,2.12,NA
9833.19,1.54,0.01,2.12,1502.15
9834.67,1.56,0.01,2.13,1519.35
9836.13,1.51,-0.04,2.13,1552.55
9830.81,1.5,-0.03,2.13,1549.35
9835.88,NA,NA,2.13,1529.85
9835.81,NA,NA,2.13,1520.25
9834.38,NA,NA,2.13,NA
9835.97,1.55,-0.05,2.13,1520.25
9835.03,1.59,-0.09,2.12,1503.2
9836.84,1.55,-0.08,2.12,1538.95
9842.34,1.55,-0.06,2.12,1542.55
9844.56,1.54,0,2.12,1522.05
9848.43,NA,NA,2.12,1481.15
9852.86,NA,NA,2.12,NA
9852.38,1.54,-0.02,2.12,1481.15
9854.28,1.55,0.07,2.12,1481.15
9856.62,1.54,0.05,2.12,1492.15
9854.46,1.53,0.02,2.13,1507.55
9860.76,1.56,0.04,2.13,1495.85
9871.41,NA,NA,2.13,1514.15
9878.62,NA,NA,2.13,NA
9886.81,1.54,0.01,2.13,1514.15
9896.52,1.54,-0.02,2.13,1515.15
9893.48,1.57,0.02,2.12,1500.15
9895.96,1.63,0.05,2.12,1475.15
9900.1,1.61,0.04,2.12,1502.15
9907.55,NA,NA,2.12,1495.25
9909.26,NA,NA,2.12,NA
9916.3,1.66,0.08,2.12,1495.25
9921.01,1.65,0.07,2.12,1500.15
9925.56,1.62,0.09,2.12,1501.45
9927.51,1.62,0.11,2.13,1474.28
9928.94,1.6,0.15,2.13,1453.75
9932.32,NA,NA,2.14,1453.58
9934.89,NA,NA,2.14,NA
9943,1.66,0.2,2.14,1451.85
9961.14,1.7,0.2,2.14,1450.15
9965.5,1.76,0.26,2.4,1413.83
9971.64,1.78,0.28,2.39,1430.65
9978.29,1.77,0.29,2.4,1430.05
9981.42,NA,NA,2.4,1418.65
9990.12,NA,NA,2.4,NA
9994.18,1.78,0.3,2.4,1418.65
10003.59,1.8,0.28,2.4,1414.53
10012.66,1.79,0.26,2.4,1425.58
10016.73,1.81,0.27,2.4,1417.38
10028.77,1.79,0.26,2.4,1425.13
10032.66,NA,NA,2.41,1418.15
10050.03,NA,NA,2.41,NA
10055.29,1.8,0.25,2.41,1418.15
10059.51,1.79,0.25,2.41,1445.95
10058.9,1.75,0.31,2.41,1426.7
10065.82,1.8,0.33,2.41,1406.33
10067.6,1.77,0.32,2.4,1414.08
10073.09,NA,NA,2.38,1426.85
10068.81,NA,NA,2.38,NA
10074.43,1.77,0.35,2.38,1426.85
10103.14,1.77,0.36,2.4,1403.93
10103.12,1.74,0.33,2.41,1378.25
10108.33,1.71,0.36,2.41,1397.6
10105.81,1.7,0.35,2.41,1395.5
10113.72,NA,NA,2.42,1399.95
10116.65,NA,NA,2.42,NA
10118.12,1.69,0.35,2.42,1399.95
10119.93,NA,NA,2.41,1417.7
10125.53,1.65,0.31,2.41,1423.45
10129.34,1.65,0.33,2.4,1423.35
10138.82,1.69,0.34,2.39,1382.45
10140.39,NA,NA,2.4,1409.5
10139.78,NA,NA,2.4,NA
10143.47,1.69,0.31,2.4,1409.5
10141.03,1.68,0.33,2.38,1409.68
10148.51,1.7,0.35,2.38,1407.45
10165.67,1.67,0.33,2.38,1423.25
10157.89,1.71,0.31,2.38,1419.55
10158.76,NA,NA,2.38,1399.05
10163.44,NA,NA,2.38,NA
10167.82,1.73,0.34,2.38,1399.05
10174.82,1.74,0.27,2.37,1388.18
10171.44,1.67,0.36,2.37,1333.05
10171.72,1.64,0.42,2.37,1346.48
10169.74,1.61,0.48,2.38,1336.15
10171.79,NA,NA,2.36,1333.05
10175.77,NA,NA,2.36,NA
10178.22,1.63,0.46,2.36,1333.05
10183.34,1.68,0.42,2.37,1342.35
10188.76,1.71,0.42,2.37,1333.55
10192.18,1.72,0.43,2.37,1329.55
10192.18,1.73,0.42,2.37,1328.13
10192.18,NA,NA,2.37,1340.7
10192.33,NA,NA,2.37,NA
10193.49,1.74,0.35,2.37,1340.7
10195.57,1.73,0.39,2.37,1335.6
10200.69,1.75,0.37,2.38,1330.18
10205.58,1.74,0.38,2.38,1325.28
10198.76,1.73,0.34,2.38,1325.18
10202.55,NA,NA,2.4,1305.65
10208.45,NA,NA,2.4,NA
10207.12,1.74,0.4,2.4,1305.65
10212.14,1.74,0.48,2.39,1289.05
10216.63,1.75,0.5,2.39,1292.85
10221.64,1.73,0.53,2.39,1292.85
10220.33,NA,NA,2.38,1285.2
10229.72,NA,NA,2.38,1292.85
10257.36,NA,NA,2.38,NA
10256.45,1.76,0.56,2.38,1292.85
10258.37,1.73,0.58,2.38,1283.45
10283.12,1.79,0.6,2.38,1273.85
10299.53,1.83,0.6,2.39,1269.15
10312.92,1.81,0.6,2.39,1297.85
10312.92,NA,NA,2.39,1277.55
10318.74,NA,NA,2.39,NA
10326.01,1.81,0.58,2.39,1277.55
10328.62,1.84,0.56,2.39,1280.15
10332.47,1.83,0.54,2.4,1307.35
10330.86,1.86,0.56,2.38,1311.85
10329.43,1.85,0.55,2.38,1300.05
10330.71,NA,NA,2.38,1286
10218.774,NA,NA,2.38,NA
10218.609,1.88,0.59,2.38,1286
10217.924,1.85,0.6,2.38,1284.13
10221.822,1.87,0.62,2.39,1280.93
10224.562,1.87,0.58,2.4,1288.85
10231.468,1.91,0.6,2.4,1275.15
10235.523,NA,NA,2.4,1276.65
10233.991,NA,NA,2.4,NA
10239.062,1.91,0.63,2.4,1276.65
10240.287,1.89,0.66,2.41,1287.85
10247.128,1.93,0.59,2.45,1276.68
10249.521,1.95,0.56,2.45,1287.95
10250.563,1.96,0.58,2.45,1288.05
10250.479,NA,NA,2.44,1286.25
10256.355,NA,NA,2.44,1286.25
10256.231,1.97,0.54,2.44,1286.25
10252.362,1.98,0.56,2.44,1277.35
10252.891,1.96,0.57,2.44,1275.38
10257.779,1.95,0.62,2.44,1265.65
10264.377,1.95,0.64,2.44,1273.25
10260.361,NA,NA,2.44,1274.1
10263.589,NA,NA,2.44,NA
10259.578,NA,NA,2.44,NA
10258.304,1.95,0.62,2.43,1274.1
10261.491,1.94,0.65,2.42,1274.13
10263.366,1.96,0.64,2.41,1272.95
10263.723,1.94,0.61,2.41,1273.15
10269.652,NA,NA,2.41,1290.4
10267.607,NA,NA,2.41,NA
10264.797,1.95,0.61,2.41,1290.4
10268.874,1.94,0.57,2.41,1288.75
10268.731,1.94,0.54,2.41,1307.85
10269.692,1.91,0.6,2.41,1303.88
10272.026,1.91,0.61,2.41,1292.65
10273.795,NA,NA,2.41,1290.15
10276.099,NA,NA,2.41,NA
10272.698,1.9,0.6,2.41,1290.15
10273.404,1.9,0.61,2.41,1294.35
10274.53,1.91,0.61,2.41,1289.95
10274.444,1.9,0.58,2.41,1293.15
10275.831,1.9,0.59,2.41,1285.15
10276.613,NA,NA,2.43,1292.88
10280.026,NA,NA,2.43,NA
10275.763,1.88,0.53,2.43,1292.88
10268.444,1.83,0.56,2.41,1291.2
10258.229,1.84,0.55,2.41,1309.78
10231.598,1.86,0.55,2.4,1316.38
10232.821,1.88,0.55,2.4,1322.23
10231.769,NA,NA,2.41,1313.08
10233.174,NA,NA,2.41,NA
10233.55,1.9,0.54,2.41,1313.23
10231.129,1.96,0.58,2.41,1309.53
10229.788,1.96,0.58,2.41,1314.13
10234.641,1.95,0.66,2.4,1306.73
10235.909,1.96,0.64,2.4,1303.53
10235.684,NA,NA,2.4,1302.13
10244.204,NA,NA,2.4,NA
10259.911,1.94,0.65,2.4,1301.38
10264.551,1.94,0.69,2.4,1296.53
10278.512,1.92,0.69,2.4,1309.83
10285.343,1.9,0.71,2.4,1301.08
10283.069,1.91,0.73,2.4,1293.23
10281.438,NA,NA,2.4,1296.68
10279.822,NA,NA,2.4,NA
10276.975,1.9,0.72,2.4,1299.28
10277.017,1.9,0.74,2.4,1280.13
10280.251,1.91,0.78,2.4,1286.58
10284.649,1.93,0.79,2.4,1287.78
10283.891,1.94,0.78,2.4,1291.88
10283.443,NA,NA,2.4,1292.78
10287.57,NA,NA,2.4,NA
10290.061,1.96,0.8,2.4,1292.78
10285.805,1.95,0.78,2.4,1313.58
10284.917,1.93,0.76,2.4,1319.98
10284.765,1.92,0.72,2.4,1328.93
10281.568,1.92,0.75,2.4,1326.73
10280.825,NA,NA,2.4,1327.63
10277.781,NA,NA,2.4,NA
10271.094,1.91,0.74,2.4,1327.63
10270.659,1.91,0.78,2.4,1323.28
10270.284,1.89,0.76,2.4,1336.73
10272.666,1.87,0.78,2.4,1322.63
10270.828,NA,NA,2.4,1336.88
10273.483,NA,NA,2.4,1323.38
10275.51,NA,NA,2.4,NA
10273.15,1.86,0.8,2.4,1323.38
10276.096,1.85,0.81,2.4,1305.93
10273.457,1.86,0.85,2.4,1304.13
10274.61,1.83,0.85,2.4,1310.73
10280.774,1.82,0.83,2.4,1308.13
10285.229,NA,NA,2.4,1314.93
10285.951,NA,NA,2.4,NA
10287.199,1.82,0.81,2.4,1314.93
10290.677,1.84,0.81,2.4,1300.13
10305.582,1.86,0.84,2.4,1306.58
10342.955,1.87,0.84,2.4,1322.38
10343.886,1.87,0.86,2.4,1310.13
10346.007,NA,NA,2.4,1318.63
10345.328,NA,NA,2.4,NA
10345.188,1.88,0.82,2.4,1318.63
10345.366,1.85,0.78,2.4,1321.03
10347.995,1.84,0.86,2.4,1319.78
10349.079,1.78,0.94,2.4,1312.18
10349.156,1.78,0.97,2.4,1303.58
10353.446,NA,NA,2.4,1309.88
10355.479,NA,NA,2.4,NA
10356.659,1.79,0.97,2.4,1309.88
10354.47,1.77,0.95,2.4,1281.13
10358.923,1.8,0.96,2.4,1282.73
10357.755,1.79,0.95,2.4,1285.18
10358.369,NA,NA,2.4,1276.03
10345.576,NA,NA,2.4,1281.23
10316.238,NA,NA,2.4,NA
10316.527,1.83,0.96,2.4,1281.23
10324.317,1.79,0.96,2.4,1291.95
10328.404,1.82,0.91,2.4,1293.55
10325.792,1.81,0.91,2.4,1276.25
10324.351,1.81,0.9,2.4,1291.55
10328.215,NA,NA,2.4,1291.75
10331.423,NA,NA,2.4,NA
10331.534,1.83,0.88,2.4,1287.55
10343.876,1.81,0.93,2.4,1286.25
10344.798,1.83,0.91,2.4,1293.95
10349.276,1.82,0.91,2.4,1285.55
10357.868,1.78,0.92,2.4,1289.55
10359.125,NA,NA,2.4,1284.95
10359.831,NA,NA,2.4,NA
10363.847,1.76,0.91,2.4,1284.95
10366.896,1.68,0.88,2.4,1294.05
10371.661,1.7,0.96,2.4,1284.55
10376.469,NA,NA,2.4,NA
10372.095,1.71,0.98,2.4,1279.45
10373.83,NA,NA,2.4,1280.75
10377.801,NA,NA,2.4,NA
10381.911,1.73,0.99,2.4,1280.75
10380.702,1.74,1.03,2.4,1275.75
10384.58,1.77,1.04,2.4,1267.05
10388.461,NA,NA,2.4,1270.23
10400.319,1.75,0.99,2.4,1269.13
10425.342,NA,NA,2.4,1251.98
10429.375,NA,NA,2.4,NA
10429.275,1.77,1.02,2.4,1251.98
10429.263,1.76,1.03,2.4,1266.88
10432.186,1.8,0.97,2.2,1243.13
10436.401,1.81,1.01,2.2,1249.33
10440.119,1.81,1.05,2.2,1245.88
10440.078,NA,NA,2.19,1238.43
10438.97,NA,NA,2.19,NA
10438.659,1.82,1.07,2.19,1238.43
10447.627,1.83,1.08,2.19,1241.88
10478.723,1.83,1.08,2.19,1239.83
10483.263,1.83,1.06,2.19,1242.53
10489.133,1.86,0.99,2.2,1244.33
10492.864,NA,NA,2.19,1248.68
10493.833,NA,NA,2.19,NA
10491.555,1.89,0.96,2.19,1248.68
10486.94,1.9,0.97,2.2,1238.18
10493.556,NA,NA,2.2,1232.83
10492.671,1.94,0.97,2.2,1238.63
10494.246,1.96,1.02,2.19,1237.38
10486.453,NA,NA,2.2,1218.98
10482.812,NA,NA,2.2,NA
10487.83,1.97,1.04,2.2,1218.98
10505.079,1.98,1.05,2.2,1224.48
10506.118,1.94,1.12,2.2,1221.18
10514.288,1.91,1.15,2.2,1231.88
10519.609,1.96,1.11,2.2,1231.88
10528.483,NA,NA,2.2,1227.63
10529.561,NA,NA,2.2,NA
10532.143,1.96,1.09,2.2,1227.63
10538.411,NA,NA,2.2,1229.5
10559.214,1.97,1.09,2.2,1226.08
10625.005,1.97,1.09,2.2,1221.58
10701.701,1.99,1.07,2.2,1233.88
10694.498,NA,NA,2.2,1221.23
10691.357,NA,NA,2.2,NA
10684.675,2.02,1.06,2.2,1221.23
10682.034,2,1.11,2.2,1213.38
10683.533,2,1.12,2.2,1214.73
10680.741,2.02,1.12,2.2,1202.38
10682.5,NA,NA,2.19,1200.13
10676.373,NA,NA,2.19,1209.73
10677.559,NA,NA,2.19,NA
10676.153,2.04,1.15,2.19,1209.73
10675.213,2.07,1.17,2.2,1223.68
10672.938,2.07,1.15,2.2,1224.83
10670.088,2.07,1.15,2.2,1226.98
10663.515,2.06,1.14,2.2,1231.63
10658.082,NA,NA,2.19,1246.88
10652.9,NA,NA,2.19,NA
10646.58,2.06,1.16,2.19,1233.08
10643.252,2.02,1.12,2.2,1234.13
10646.195,2.05,1.1,2.2,1215.33
10653.903,2.05,1.07,2.2,1222.73
10665.223,2.06,1.02,2.2,1230.18
10668.262,NA,NA,2.2,1233.48
10673.173,NA,NA,2.2,NA
10664.551,2.06,1.02,2.2,1223.53
10641.012,2.05,1.09,2.2,1223.53
10594.766,2.07,1.03,2.2,1234.68
10604.476,2.09,1.08,2.2,1241.88
10617.42,2.11,1.09,2.19,1223.53
10635.717,NA,NA,2.19,1226.88
10633.315,NA,NA,2.19,NA
10629.771,2.11,1.09,2.19,1226.88
10632.283,2.1,1.07,2.19,1230.18
10632.257,2.13,1.06,2.19,1221.33
10638.37,2.13,1.03,2.18,1224.43
10644.102,2.13,1.03,2.18,1234.88
10627.338,NA,NA,2.18,1217.93
10584.027,NA,NA,2.18,NA
10581.718,2.12,1.03,2.18,1217.93
10588.148,2.12,1.02,2.18,1227.88
10596.951,2.16,1.06,2.18,1194.33
10606.39,2.17,1.04,2.18,1177.63
10613.26,NA,NA,2.18,1196.88
10612.327,NA,NA,2.18,1202.88
10605.115,NA,NA,2.18,NA
10606.442,2.16,1.07,2.18,1202.88
10606.137,2.16,1.03,2.18,1199.68
10606.032,2.16,0.99,2.18,1197.18
10607.256,2.12,0.93,2.18,1180.13
10600.555,2.14,0.95,2.18,1212.88
10586.36,NA,NA,2.18,1188.38
10589.485,NA,NA,2.18,NA
10588.742,2.14,0.91,2.18,1188.38
10587.29,2.15,0.91,2.18,1181.33
10582.475,2.14,0.92,1.93,1200.88
10585.804,2.16,0.94,1.93,1201.33
10587.207,2.16,0.92,1.93,1195.23
10582.026,NA,NA,1.92,1199.63
10575.524,NA,NA,1.92,NA
10571.95,2.15,0.92,1.92,1199.63
10589.835,2.15,0.92,1.92,1207.18
10594.739,2.15,0.93,1.92,1203.98
10597.367,2.13,0.92,1.92,1195.63
10602.304,2.1,0.89,1.92,1200.93
10610.859,NA,NA,1.92,1193.73
10620.552,NA,NA,1.92,NA
10617.123,2.1,0.89,1.92,1193.73
10613.55,2.1,0.87,1.92,1201.58
10618.974,2.12,0.85,1.92,1205.98
10635.248,2.12,0.86,1.92,1198.78
10632.653,2.1,0.84,1.92,1195.93
10630.313,NA,NA,1.92,1192.83
10631.342,NA,NA,1.92,NA
10628.701,2.1,0.84,1.92,1192.83
10630.79,2.08,0.8,1.92,1200.28
10633.912,2.09,0.81,1.92,1201.88
10634.374,2.1,0.8,1.92,1191.13
10640.035,NA,NA,1.91,1201.15
10643.894,NA,NA,1.91,1204.53
10646.879,NA,NA,1.91,NA
10645.295,2.08,0.78,1.91,1204.53
10646.805,2.1,0.76,1.92,1199.53
10650.376,2.12,0.77,1.92,1196.63
10665.563,2.11,0.77,1.92,1221.38
10716.892,2.11,0.74,1.92,1214.78
10721.17,NA,NA,1.92,1206.18
10718.875,NA,NA,1.92,NA
10711.801,2.09,0.73,1.92,1206.18
10709.513,2.09,0.73,1.92,1183.13
10752.646,2.08,0.74,1.92,1195.53
10758.255,2.08,0.77,1.92,1196.13
10758.361,2.07,0.75,1.92,1191.88
10772.129,NA,NA,1.92,1188.88
10769.072,NA,NA,1.92,NA
10769.229,2.08,0.79,1.92,1188.88
10773.372,2.08,0.79,1.92,1186.88
10767.648,2.08,0.78,1.91,1170.13
10773.519,2.09,0.8,1.91,1191.13
10772.572,2.1,0.78,1.91,1188.13
10777.116,NA,NA,1.91,1211.73
10778.353,NA,NA,1.91,NA
10768.113,2.09,0.78,1.91,1211.73
10765.371,2.11,0.82,1.91,1212.28
10769.62,2.11,0.85,1.91,1223.88
10773.713,2.13,0.85,1.91,1197.83
10775.254,2.11,0.83,1.91,1203.33
10774.794,NA,NA,1.91,1213.43
10769.284,NA,NA,1.91,NA
10764.475,2.12,0.83,1.91,1213.43
10760.829,2.12,0.86,1.91,1207.98
10756.781,2.13,0.87,1.91,1224.88
10740.532,2.12,0.84,1.91,1220.18
10742.954,2.13,0.85,1.91,1226.88
10745.638,NA,NA,1.91,1223.38
10742.262,NA,NA,1.91,NA
10741.911,2.12,0.84,1.91,1223.38
10755.729,2.11,0.87,1.91,1222.98
10804.857,2.13,0.81,1.91,1227.83
10793.602,2.11,0.84,1.91,1224.58
10774.111,2.11,0.85,1.91,1238.88
10674.863,NA,NA,1.91,1233.88
10674.255,NA,NA,1.91,NA
10666.1,2.11,0.78,1.91,1232.08
10663.921,2.09,0.75,1.91,1222.83
10657.419,2.09,0.79,1.91,1227.63
10658.19,2.09,0.77,1.91,1226.23
10657.638,2.1,0.75,1.91,1238.13
10669.487,NA,NA,1.91,1238.03
10684.853,NA,NA,1.91,NA
10691.104,2.11,0.72,1.91,1238.03
10689.325,2.1,0.75,1.91,1247.03
10690.246,2.11,0.74,1.91,1242.18
10692.639,2.13,0.74,1.91,1257.68
10702.415,2.13,0.73,1.91,1257.78
10726.659,NA,NA,1.91,1237.73
10728.682,NA,NA,1.91,NA
10718.032,2.12,0.7,1.91,1254.73
10712.856,2.13,0.71,1.91,1237.73
10710.898,NA,NA,1.91,1240.1
10715.123,2.12,0.71,1.91,1237.73
10719.893,2.14,0.73,1.91,1237.73
10712.787,NA,NA,1.91,1237.73
10711.909,NA,NA,1.91,NA
10701.819,2.11,0.74,1.91,1253.18
10673.499,2.1,0.74,1.91,1248.28
10673.174,2.11,0.72,1.91,1252.03
10676.309,2.12,0.76,1.92,1251.13
10681.149,2.1,0.77,1.92,1255.13
10671.438,NA,NA,1.92,1271.88
10623.656,NA,NA,1.92,NA
10604.346,2.12,0.78,1.92,1269.63
10573.854,2.11,0.79,1.92,1267.73
10572.109,2.12,0.81,1.92,1277.5
10574.323,2.12,0.77,1.91,1274.78
10569.9,2.12,0.8,1.9,1275.5
10566.693,NA,NA,1.9,1280.53
10565.036,NA,NA,1.9,NA
10569.451,2.12,0.81,1.9,1280.53
10566.076,2.12,0.82,1.9,1292.13
10561.495,2.12,0.86,1.7,1299.73
10561.272,2.13,0.83,1.7,1300.6
10562.193,2.13,0.83,1.7,1300.13
10556.075,NA,NA,1.7,1299.88
10560.858,NA,NA,1.7,NA
10564.61,2.11,0.82,1.7,1329.58
10563.505,2.13,0.8,1.7,1297.13
10568.984,2.14,0.83,1.7,1294
10564.069,2.13,0.79,1.7,1296.13
10550.13,2.12,0.82,1.7,1291.98
10547.103,NA,NA,1.7,1293.13
10543.025,NA,NA,1.7,NA
10538.838,2.09,0.8,1.7,1293.13
10083.73,2.07,0.76,1.7,1298.33
10083.9,2.06,0.78,1.7,1309.88
10106.18,2.04,0.73,1.7,1299
10111.69,NA,NA,1.7,1298.1
10118.63,NA,NA,1.7,1301.58
10112.36,NA,NA,1.7,NA
10114.38,2.09,0.84,1.7,1301.58
10120.91,2.12,0.86,1.7,1304.88
10108.78,2.14,0.87,1.7,1293.13
10107.35,2.15,0.91,1.7,1291.33
10105.5,2.16,0.9,1.7,1294.68
10105.86,NA,NA,1.7,1329.85
10106.47,NA,NA,1.7,NA
10107.98,2.15,0.91,1.7,1329.85
10111.34,2.16,0.95,1.7,1287.5
10088.98,2.17,0.92,1.7,1297.4
10085.07,2.18,0.9,1.7,1293.88
10061.15,2.15,0.85,1.7,1312.83
10064.73,NA,NA,1.7,1321.85
10059.69,NA,NA,1.7,NA
10058.4,2.15,0.82,1.7,1321.85
10057.48,2.17,0.8,1.7,1321.25
10055.51,2.18,0.82,1.7,1312.63
10048.4,2.16,0.81,1.7,1315.7
10041.23,2.17,0.78,1.7,1316.4
10050.58,NA,NA,1.7,1309.5
10048.61,NA,NA,1.7,NA
10048.29,2.16,0.79,1.7,1315.05
10046.02,2.16,0.78,1.7,1312.23
10047.16,2.17,0.8,1.7,1302.13
10050.07,2.16,0.81,1.7,1300.58
10038.62,2.17,0.78,1.69,1315.38
10032.95,NA,NA,1.7,1322.8
10030.58,NA,NA,1.7,NA
