E1,E2,E3,E4,E5,E6
4.267148762,5.725436492,5.118558127,6.224088006,3.918733196,5.817608965
3.243925845,5.48643559,3.702946599,5.640886864,2.241913158,5.414685064
6.236472718,5.610068971,2.270362987,5.442362881,4.801616352,4.616466596
5.766058806,4.14744826,3.143106429,4.431601797,6.29433704,4.703767426
4.69642795,4.882137548,6.33790995,3.087929066,5.684629249,4.251410015
5.54024666,4.980864736,5.1049672,4.668749655,5.717532456,6.005864436
3.94813664,4.655700577,5.402499101,5.220415775,6.132239226,4.687504194
5.468763681,4.57986823,6.286479533,6.18565169,4.882505334,6.096001791
6.485012156,5.198374011,4.794826432,4.669970624,4.685183693,4.556112873
5.701046317,4.398617715,4.648364624,3.743917396,3.974871386,5.026287035
6.318546788,3.724075769,4.907943947,5.114004826,5.840539758,6.179227591
3.892947059,5.546141975,5.59497571,4.541509401,4.489121521,3.787071243
5.828605309,4.97859784,6.380846665,4.820397141,4.904234091,3.329834551
5.75568282,5.559068359,6.666856309,4.301377929,6.137871225,5.396081001
4.376989758,4.091433599,6.693396136,6.044749542,4.37258509,6.330562432
4.604534726,4.476424305,5.775545599,4.633798218,4.292407891,4.204674843
4.878399224,5.48834054,4.597920576,4.798205462,3.723336731,6.351899571
5.770888304,4.829876723,5.954908909,3.995770655,3.505466169,NA
4.139816592,5.510138212,5.002072742,3.706097909,4.903646291,5.840590376
3.769283702,4.176654702,4.846772285,5.924545048,3.549865741,3.770829382
5.894078265,5.415424426,6.026988371,4.633727343,2.869039768,6.207775056
4.027492452,3.844650022,5.041555204,5.040526425,4.461308973,6.923470326
4.542585966,5.3062859,3.963848271,6.813379547,6.2687989,5.554095526
4.459140148,3.882664735,5.601050169,4.679416072,4.657050462,4.66442993
4.903756359,NA,6.354710848,4.9987996,4.411130868,5.099550505
6.030173743,3.679476931,6.610808422,4.223783566,6.785685823,4.742422432
5.186769839,4.507388951,6.918620572,5.117909795,3.673474109,5.958901185
5.338563509,3.345455678,4.664281247,3.739314242,5.652217155,5.559924331
3.268792996,5.556669294,3.940396164,3.808564575,5.066457893,2.797457678
4.419721453,5.770083916,3.171332984,4.904503543,7.053744315,4.420548063
5.20988214,4.473075481,6.167527279,5.559314628,5.298520891,5.624812241
4.150732069,4.456911355,5.513608373,5.475323905,4.415047929,4.941000822
5.134183061,6.682175035,5.956683796,5.546114605,3.792008502,4.519408299
2.70447611,5.061405614,4.857385662,4.673418276,4.301144576,4.801020851
4.139827674,5.732659949,5.232948149,5.178695829,4.805988308,5.36639624
5.243693694,6.341162394,3.562016058,6.122130057,5.75411032,4.632241094
4.718589743,4.444704656,4.674483137,5.468054081,3.176274579,4.614955886
6.401100601,5.567387451,3.734586612,5.443527091,5.53697205,4.351832923
6.02824821,3.929031742,4.103048057,3.519763914,4.791693732,4.311990617
NA,5.541685502,4.42623119,3.521908304,5.247458139,5.157382139
5.36960659,6.071081833,3.9279395,2.680703082,4.000705097,3.503037226
3.504165247,5.312926101,7.342823616,5.591467438,6.103032737,4.401424449
5.698211136,5.087556785,NA,4.596956808,3.176076205,4.751439857
5.261695067,5.353314895,6.433673565,6.098193213,5.174651463,4.734172843
5.108416057,6.712898,5.875651793,6.539739826,5.151393515,4.910618624
NA,7.816814361,5.199447321,5.30514804,1.319810236,5.613041768
5.347460302,4.935668631,5.144839984,3.397194014,6.79870654,5.136911815
4.114654298,4.957331919,4.75668862,3.098777822,4.04119388,4.130454302
3.882830121,2.997496035,4.058925782,NA,5.361114044,5.520540021
4.35464886,5.412087659,4.688035726,6.966042022,5.412858468,5.168831776
4.471552539,5.394949709,4.242674295,6.091855253,5.144279836,5.497781441
3.676828365,4.129378585,5.172316565,3.070203612,4.689785513,5.858923805
4.073299807,5.574838643,NA,6.089458559,5.150139195,4.507455994
2.713654511,5.393204322,3.053802082,7.60137327,5.68669279,5.789440361
5.489838889,5.44667108,4.684749474,4.579456447,3.506334046,4.432691925
6.119155559,5.171975192,5.944789971,6.54804448,5.622223225,5.450362423
5.202672017,5.436570694,4.446328707,4.544904015,4.396599378,4.104313546
4.410890596,5.472356663,7.370168786,5.457261942,6.162096638,4.56654055
5.937617932,6.243098331,4.123233029,6.382547386,3.291040151,3.386216371
6.217605152,2.783185788,5.423105058,4.381564402,5.980681365,4.295235279
6.631248502,3.594170354,5.373003449,5.467557557,6.181903241,3.283470535
4.260200294,4.734929314,6.514007669,3.404948821,4.027958388,4.491474383
4.657505723,4.509275352,4.655482125,5.126123778,5.05172707,4.785428835
6.300002865,3.970217099,4.861431514,NA,7.549563107,5.487707104
5.451907536,3.331362675,5.062508548,3.916518511,4.870007707,6.284272243
4.663662729,3.413453343,3.466170348,3.982817621,6.853540313,4.670649974
4.969600023,6.202993164,4.515857661,5.919743501,5.433620499,4.713417215
2.552506997,4.209701303,5.309408439,4.531344602,5.781871884,5.258337904
5.503208999,5.883475518,5.04489622,3.083483957,5.701142718,5.804205651
3.76063982,4.774161439,4.394529921,4.913748113,5.869702665,5.374404598
3.482300553,6.826609947,6.237494622,4.617049857,4.818709337,3.890294091
7.12282197,7.059612568,5.545648585,5.876233615,5.246515072,3.914461202
5.043950294,5.351705908,5.241485581,5.045828608,6.014048377,5.378232558
3.608744095,2.445468177,4.455260704,4.919975829,4.842340819,6.702339775
6.097273726,5.357488888,5.84610383,3.568068333,6.257735493,4.135945189
2.993689096,4.393355645,4.982833642,5.878678298,2.80154287,5.355493823
6.233846403,5.395395561,5.116973563,5.342854245,3.957172338,4.958879248
6.879276531,6.160635714,4.4926024,4.045883528,6.25541,5.170506639
3.911401651,4.552756699,4.062028224,5.781121986,4.047147575,5.231435987
5.063788223,5.79566587,5.055503989,4.929491341,5.80780908,5.228831512
4.775877505,3.658281129,4.669694733,4.864867243,5.586083847,4.75494031
5.94713342,4.440734664,3.647168351,5.73484542,5.025187027,5.164244294
3.690016987,3.435811605,4.189770662,6.028633309,5.123088631,5.375326639
6.128793777,4.430095494,4.550626694,4.475606057,5.966954082,4.77407993
6.660174253,6.664522585,5.404562341,7.41409806,5.044499904,5.015857671
4.428898037,7.053368377,6.371428989,3.785707143,6.140842768,4.647855888
4.80240025,6.574643605,6.402811449,5.735631265,4.734276364,4.485812302
6.317335939,5.289294354,3.373421533,6.529362225,5.731878815,4.251750362
4.720964876,4.054475749,5.951972849,2.796491306,6.724325203,6.482798788
5.426048742,3.82892899,4.19002532,4.108549576,5.14852975,4.23644384
2.47085602,3.315430723,5.860093618,5.007031783,7.375988443,5.225201991
5.252001286,4.999938202,5.035676325,5.037570899,5.831002855,6.488744599
4.659075738,2.563366185,4.743258883,4.011855058,6.169839035,6.011793796
5.384367484,5.083145949,4.066710862,4.741751181,5.704896977,4.760230043
4.624035754,5.422572435,4.597745211,4.71944298,3.428325992,7.188874576
3.754816117,4.956385644,4.850544955,4.517921999,6.285734598,4.564995271
3.431343443,4.142926608,6.514035574,5.692559975,5.869844852,3.539805646
4.180300801,5.919348449,6.782278667,5.331564388,4.618706706,4.745940515
4.694006662,4.295338021,5.698272354,4.59034033,6.05791338,7.266839581
4.283658571,6.336294183,4.632583696,6.346218706,4.044958502,3.324695913
4.841041553,4.689126954,4.124081729,4.636260594,4.125260725,5.248324116
4.396475242,3.974363295,5.771084625,6.264183224,4.719818467,4.814980429
7.332197668,6.521644423,3.173885285,4.246291704,3.184832414,5.612069329
6.032768542,5.090409133,5.481443907,5.265389789,5.77343742,5.592274742
5.502467887,7.101482272,6.326509551,4.606123767,6.346046521,5.627613768
5.265409395,5.908926806,4.010094747,5.335285502,3.232812364,6.583584424
5.114434897,4.857222596,4.106593641,5.049883265,7.544786865,4.60376609
6.251249706,4.50716828,3.236005763,5.947899659,3.940918116,7.423656838
5.185943671,5.574935109,4.709908841,5.384500064,4.828574941,5.940231677
3.495625726,4.773399597,6.385598633,5.530802403,6.099313358,5.081097659
5.221971579,5.858889012,5.772113364,5.874687268,4.867764449,5.423831909
4.982640149,4.926150865,6.294435658,6.295594917,5.2221075,4.309680477
5.440917967,4.743501514,4.467487143,5.745481317,4.090688507,6.468739342
6.514236417,3.915039704,7.214854,5.703528738,4.858346121,4.996735356
4.768543347,6.472262602,4.473714468,4.441903137,4.138683817,3.812656985
3.621211839,5.686518439,4.918072169,6.444218336,5.099780721,4.374954524
6.433948091,4.512850861,6.502126731,3.849592473,6.446297192,6.038641302
5.62501062,3.655776289,5.431599624,5.465877383,6.18531967,4.301819383
3.882276252,4.823232635,4.800410195,5.820302683,4.478047427,5.504768908
5.263596182,5.28206183,4.027964506,6.969678559,6.718059292,4.350724327
5.517536559,5.10484066,6.049217643,5.10990082,5.237618185,4.145597504
5.726664556,4.819728904,3.192972813,5.450223438,7.107221251,4.725084944
5.268547437,4.332268633,4.473466891,3.750573423,4.020675711,5.28275521
4.431053399,3.472856649,2.860941959,6.241483709,3.777143416,4.981904082
4.963333678,6.527270445,5.530374745,4.709017374,5.631306925,5.005036797
5.094213124,4.234520121,4.885914473,6.505346487,5.151074106,4.239630884
5.810435906,6.432302895,6.769442683,5.477610872,4.952612985,4.790433294
7.690123758,5.197588666,3.455850068,4.199074969,5.16249695,5.571689434
6.116092748,4.459747184,3.380431065,5.165343086,5.678946633,5.142912741
4.738567999,5.328841306,4.743712017,5.385441972,5.336563781,6.064326718
6.612222127,5.01030415,3.723710918,4.68830264,5.238799617,4.825751365
4.553045526,4.945120526,4.971765415,4.86420832,3.612341777,5.571234498
3.449340388,3.385048193,4.306224413,4.551644388,6.899538835,4.505199477
5.197983283,6.015534307,5.808308827,5.035664735,5.399564168,4.856402536
5.072374725,4.53367608,5.359312132,2.473009461,4.670740039,4.498513094
3.60111681,5.510912436,4.717209541,5.190156909,4.253864087,5.64380182
5.035230301,4.487390845,4.516747945,4.404641033,4.548643807,3.069566719
5.750674223,4.276687182,4.550640759,4.401854727,3.953667251,5.125517111
6.351574822,4.792165302,4.088737241,6.090069801,4.375965377,5.293960162
6.42618993,5.516031424,3.113990337,5.901258843,4.453010849,5.825896867
4.671595804,5.505354048,5.281963715,5.546591829,3.377526728,5.133104778
NA,4.930630634,6.798077379,4.075089057,5.555298021,3.317168051
7.360309271,4.189793819,6.251906742,3.053949131,5.492150555,4.814897648
3.913840287,5.708126103,4.112672042,4.88315992,4.186896742,4.745746325
3.540330179,5.436061052,3.601454897,4.99323558,7.117961409,5.327148256
3.880122142,5.173315766,5.059712468,6.245128685,3.729387071,7.555798144
4.221315053,6.454493153,4.443407462,5.65176787,4.968127021,4.949587654
4.353975851,6.482928484,3.646973134,4.333133596,3.798412466,6.03627308
5.724793618,5.966094033,5.22518025,4.921859765,6.093377416,7.436257663
4.272413844,6.781479036,4.898112928,5.567957971,5.414838471,5.519059179
4.989933136,5.254775839,4.496321549,4.409148323,4.843533882,4.544732613
5.662336999,5.139838302,4.608085046,NA,3.270828731,2.70271201
5.264639156,5.486966779,3.811014486,6.668811063,5.812525778,6.050049285
5.189814451,6.007869917,4.275396028,3.552575416,5.837918277,3.885875264
5.25440133,1.952741985,4.354341,5.000875439,5.553556664,4.996908242
4.928257078,5.629387706,2.552223081,5.544085774,6.712363012,5.007338319
5.555071121,4.245593454,5.159386262,4.273699494,6.947254075,6.325716404
4.903267278,5.298703895,2.609718622,4.786522165,6.899644331,3.712125115
3.89554686,3.526326773,6.38301288,4.349036142,5.508748208,4.046250466
5.050030967,2.961575219,4.163724816,5.657994535,6.037938974,4.881598176
4.15566845,4.42514619,4.355342557,3.543318629,2.901804761,4.59042809
5.459384822,5.958841532,4.089754936,5.744883731,4.066781563,6.119546442
7.251630795,5.372376493,4.570328044,6.978259799,5.736942352,5.794173926
5.044978909,3.695274585,3.860090443,6.499308022,4.275313808,4.903205596
3.93285932,6.677368011,4.392691294,5.71266041,3.759141287,4.644604974
5.312458411,4.867657865,4.126263941,4.508086187,4.305459362,5.689008891
4.416502786,5.410718975,5.391087363,6.794924257,5.821683306,4.706379283
3.627247376,NA,NA,5.645026494,5.402317,3.394342365
4.398632457,4.458415052,5.165030456,7.037210366,5.416521826,3.068567722
NA,5.048498161,6.063244567,7.9400645,4.725863137,5.27450189
5.034019573,3.276621825,5.232232045,5.978086523,5.823549388,5.56416413
5.431606098,5.519921355,NA,3.995421,4.547926687,7.147458791
4.84419107,3.361547178,4.316227602,6.464314992,4.827624263,4.71105909
5.113830914,5.483386188,3.999067763,5.985924645,5.412317,3.596786485
6.091536992,6.170418606,2.93065966,4.867540958,5.701146537,5.650797684
4.520856929,3.165964023,4.962617677,4.594572248,4.654607958,4.681955086
4.46083696,5.412034234,5.484213651,5.642181213,5.062554833,4.892750658
3.327836451,2.675797812,5.791427277,4.496266613,4.878455186,4.890516686
4.962213371,4.99530132,5.728186987,6.517959625,4.78933447,4.875774032
4.274647428,5.206864833,5.637066516,5.658062356,4.396747414,4.895689791
5.489169292,NA,5.926936299,5.85809075,6.051300578,3.666316134
3.78092121,5.251017232,4.191287021,5.452426176,4.607412809,3.430226104
5.031124231,6.03943268,4.08371468,3.956358202,7.091502757,5.543454895
5.058842912,4.991946343,6.304456436,6.524040165,5.26453729,5.703858803
4.874714271,5.884949311,4.815840591,3.217409871,6.34243178,3.875596481
5.765115738,4.722829795,4.755042007,6.244407859,4.3790594,5.595089638
4.53061168,6.197481537,5.548291896,4.257876233,6.080871901,5.61001302
4.256957493,4.587900321,4.670512745,5.437398985,5.401932693,2.702234563
4.839259877,2.935506664,5.379873038,5.714926376,4.195879145,6.665087855
4.593864126,5.855727222,5.038503356,3.935599875,6.162102882,6.070256751
3.904902464,5.115852789,4.977399119,3.751447248,6.063102595,6.134786558
5.516425899,5.300943934,5.808311651,6.619080939,6.376789572,7.835586162
3.983400825,4.21049267,6.505376636,5.724044703,6.907863318,5.94948569
4.189480228,5.604242038,4.341359151,4.837022665,3.960236006,6.145346792
5.29973602,4.655862753,2.656103949,6.168763445,4.218863,4.685074927
5.728875716,5.15416425,5.229014242,4.811341284,6.128180967,4.521042071
3.918147942,5.684560203,5.766973869,3.546842762,4.484427781,5.796004724
4.274611507,2.853561089,3.91719804,6.423951865,5.624265901,4.643186383
6.230229793,3.909346346,5.967065202,3.71258232,7.804041155,4.13477246
5.422846465,4.381226161,3.958759709,6.623837087,5.98810477,6.058966416
4.058355303,6.099853569,5.475767467,4.933072098,4.952463438,4.693193274
4.06980799,6.422690603,5.592173934,6.240291532,5.485906854,5.91767516
3.505182793,3.83420977,6.093146177,4.861857929,5.343624361,3.853348882
4.171768053,6.474152535,7.220136763,2.725196355,4.221269699,5.945930219
4.927355593,4.939761661,6.338582982,5.061933762,4.744503152,6.49672261
NA,5.759732295,6.09728283,6.458028163,4.886036533,3.585569287
4.229139308,5.635897185,6.444247629,4.289776213,4.759878803,6.341253374
5.51464776,5.014903326,4.874503571,4.390863263,4.927601489,5.41866936
3.799318747,3.143607781,6.513150024,3.364745667,3.99343145,4.175242696
4.578784836,5.222496057,6.614762183,3.939420032,2.098958132,4.599993005
6.514782424,6.542113103,3.887959018,4.774270225,5.262918076,5.601102057
4.626586806,3.214687617,4.371384299,5.09549703,4.908089496,3.785305261
5.890856032,4.463095626,4.020605827,2.464414303,4.333262412,4.708754611
4.382773225,5.817357014,5.958019477,2.86607393,5.306442875,5.01091548
4.533870159,4.036758229,4.718350212,6.073619594,5.766837339,6.310304298
5.315570965,4.141493727,4.469819283,6.54417804,4.601537181,3.012651605
4.43613675,5.233005636,5.735309345,4.157890841,6.175105824,5.14595201
4.940385464,NA,6.526812741,5.233403947,4.630817251,5.997055919
3.245290181,5.198219796,3.939392457,5.502316022,6.236375306,4.016934211
4.722589004,5.176388084,5.012443674,5.773008138,6.490314434,4.79640483
5.095200336,4.361123365,5.332520949,5.929081197,4.320886307,4.338925894
6.941178313,4.223791418,4.937656241,5.378525866,5.29670221,5.618807758
4.596729259,6.94550902,6.368817365,6.708058181,6.668598443,5.350613303
3.794896732,5.331896409,4.513376904,4.502781256,3.178014568,NA
4.639402496,4.159386961,5.365705617,4.256604471,5.775619478,6.651455677
4.922601592,4.014514253,4.647434091,4.137197596,3.977252841,5.474880668
7.092178562,3.963232809,3.76515262,5.541735103,4.789519006,5.95584464
6.552040615,5.663903445,5.292967392,5.402358978,6.401786297,4.392443762
5.686412895,3.930405334,4.09687826,6.041943702,5.664724771,5.391859219
5.089731983,6.019209961,5.473580224,5.889441942,6.182912303,5.94517155
5.863381481,3.699619622,6.017831012,6.956458351,4.197938099,4.499598854
5.637841221,4.050603764,4.779646964,4.235773215,6.493385865,4.070023247
5.227383995,5.88739208,6.273282239,2.709250821,5.313669093,4.710723098
5.917694908,4.252127563,4.865557778,5.174722221,6.41028581,3.207498398
6.14872417,5.579584912,4.346216251,4.062334138,4.871691152,3.956956762
5.637794836,4.912267468,5.548556988,3.303347964,3.677250731,5.666408203
2.302511593,4.259907112,5.744381808,5.896825893,6.095032491,5.635656738
5.132272426,5.421717103,4.964738316,3.588399151,6.686003122,5.165728886
5.240932082,4.105360296,NA,4.896555048,5.983346561,5.738651103
4.445603606,5.125826516,6.557528051,2.967210375,4.892321313,5.484383204
4.332793741,4.337713978,3.815021174,NA,5.144123405,5.406275164
5.662258867,5.60856032,NA,4.000125722,4.602483205,4.081956022
4.595287632,5.447875036,4.195245567,4.833444109,5.587868302,3.102019274
6.613344448,6.127745908,4.771526555,6.057896886,4.718418223,5.530514341
5.270283063,3.384438351,2.958283925,4.771212123,4.550083695,6.810988912
4.838212856,3.176485696,5.171413485,4.269241821,5.42854573,5.672429593
4.579094271,4.026098332,5.851217054,5.929970156,5.930490782,3.467445667
4.624979045,6.050951189,5.605120304,5.569387182,1.922343372,4.222757323
4.992555996,4.558723331,6.577849914,4.109032389,3.531984412,3.454963871
2.995847489,5.014021788,2.07591066,4.683913202,4.487826605,6.437706673
5.468122126,3.681057131,4.245418856,NA,4.145415284,3.521061826
6.967282451,4.786593766,5.650695928,4.707431794,4.384333409,5.848952867
5.807386202,3.654871025,5.814335306,5.070626807,6.231962594,4.410815922
4.866881791,5.420412421,5.207508137,4.599811894,4.932537531,4.970443333
5.537752078,4.988936344,4.755616015,6.534654733,6.329490698,5.901845719
4.916972868,5.532003528,5.886501901,3.828167899,5.676987148,4.968283182
3.67051602,7.033569005,6.166487678,4.014712489,6.186998697,6.110239421
5.46369211,5.640795249,4.859906898,4.012470136,3.588952459,3.576766725
4.884076848,4.887610924,5.487300574,5.357096411,5.090061833,4.061064968
5.969129622,4.327010646,5.177643137,6.340897469,4.573658075,3.340726043
3.746911093,5.504530051,4.507214945,5.688421784,6.248875651,6.264860448
7.614607751,4.492615295,4.731337509,6.951150837,4.803085983,4.64940209
5.173384042,5.216079398,4.468879634,5.130736537,3.731943265,5.934884262
4.416434624,4.273772046,4.3510151,5.315531143,4.68467959,5.378572419
4.028559821,5.421197584,4.959244314,4.619149442,5.650562707,4.409583504
5.134602342,3.596861177,3.704433745,3.932609279,5.01736285,6.37584406
5.136208318,5.752370614,5.948491651,3.97889127,4.835954735,3.925201002
6.292454251,6.158145921,5.537512102,4.290549684,5.860428184,3.561190447
2.681816976,2.847208901,3.495379267,NA,4.432544132,5.47532369
4.69198356,4.99847368,5.138442274,5.440609555,5.133939087,5.107923557
5.888919928,4.132389025,4.920722813,3.669581881,4.817661997,NA
4.672486897,3.530280873,5.262068784,4.923556052,4.65829801,4.662213335
6.764399659,4.410538885,6.508736812,7.234893163,4.055241476,5.831895523
5.05682828,4.35189126,3.643903921,5.564197544,4.624515413,3.835352351
5.505717877,4.210587506,5.219189063,5.226492211,4.218863,6.464346894
5.932007712,4.70745462,5.458321578,4.004778545,5.694660589,5.712036056
4.636514191,5.341826763,3.057802362,5.409009131,5.771211351,7.120921665
3.680046381,4.870584544,5.124549205,6.044387434,5.139583294,6.858116041
3.397907398,NA,6.00111816,4.111702962,6.244952785,4.373874029
5.380268092,5.497030722,5.356033877,4.064680541,5.423733571,5.774908413
6.685351542,4.647495106,4.876899249,4.101660739,5.490863031,5.564861043
5.980522108,5.552287614,3.551018712,4.201318665,3.824008559,5.149782356
4.722973379,5.349955259,5.299031504,5.08798109,4.819726113,3.46238104
5.059595755,4.396789571,5.180523033,5.205293262,4.570754345,6.221616592
4.384773252,3.446851889,5.925127903,5.241689999,3.410891487,6.066166407
4.759105568,3.99907185,5.535478657,6.852587783,4.019690674,2.981735837
5.770314421,6.282821934,5.168544211,5.392764115,7.892080585,7.208263869
3.597776709,4.493822281,7.073231385,4.537692299,4.910188561,6.409709373
5.391451945,6.287689973,4.864732994,4.384080881,3.64131402,5.683708448
2.932962522,3.91013473,5.22911068,4.991695878,6.806700315,4.331413172
4.587689037,5.86481645,4.9633419,5.470068471,6.396739705,5.1840284
3.888945442,3.97374997,4.930463896,5.301913706,3.443528847,4.222048563
4.494676618,6.357451927,2.994210971,5.9716637,6.835750832,4.906070209
4.461630772,5.216614803,4.59488475,5.352133312,4.056351404,3.528665484
4.403529368,5.584687265,4.448913205,4.334721002,5.556854609,5.365312239
5.700022835,5.55630212,4.934300756,6.36563017,4.639304131,4.617382082
2.515765789,5.041036914,5.77228666,4.272815007,5.784054116,5.428897546
4.563611983,6.18604123,5.010124604,5.702003354,4.640030113,7.768429128
7.497268854,4.336106673,3.900785831,4.364176052,3.720643718,3.632921565
5.481905459,6.263459332,2.426925167,5.759602832,4.933949478,6.635476026
3.601746426,5.302646358,4.74060502,4.540903836,3.715661472,4.821224811
5.790102912,4.476478504,4.551288497,5.194658291,4.218863,4.777048822
6.572338201,4.512143394,4.918253296,3.04975556,6.662347022,6.210742058
3.389904778,5.254115091,4.443637914,4.99270946,5.064413966,6.062801108
3.447607791,4.66141877,4.775324643,3.947043005,5.990915155,4.985337821
5.214862557,5.733513423,5.136834703,4.706476862,4.984642946,3.858345805
4.092169777,3.422472956,5.695556598,6.361436066,4.218863,4.885258301
5.13869382,4.81149565,5.995678393,4.88387723,4.28008713,4.933546679
6.440737633,5.315888771,7.047154193,5.630199913,5.867457065,4.099716052
4.255846185,6.358922297,5.406936821,5.479960052,4.906038452,6.518083488
6.189088024,2.685480481,5.81148272,5.878286103,5.066096896,4.308154136
4.851432802,6.063176026,5.249837052,5.387328347,3.418841057,4.3967241
6.570187681,6.568170244,5.508811986,3.162506567,3.226114124,3.998736273
2.786836803,5.154171565,5.794875969,4.797483252,5.182983035,4.724340423
4.699299644,5.421271407,4.707715875,7.212622161,6.65889683,3.279509775
4.315067645,5.264906406,3.900476708,3.702445905,5.209413718,6.52017061
4.395410084,4.571323643,NA,3.958161148,4.962186012,5.20288123
3.117786327,5.181865994,3.567760086,7.518625381,3.376315116,5.029531825
5.172657152,4.246010271,3.409635809,4.595439302,3.225331089,6.447637338
2.458780119,4.819964032,4.934109487,6.188611162,6.614291289,4.658890364
2.483085169,5.084718936,2.661086535,5.100154042,5.470498355,7.619042145
3.036249924,6.314084084,6.209945332,4.898004355,4.414078292,5.439391627
4.469450996,5.320313069,4.445136358,3.016346636,3.160567134,4.911607294
3.701884948,5.464282542,2.843274386,5.5810979,6.112477739,3.953218914
5.341697309,4.311300855,5.391127848,7.40015818,5.251945318,5.426904466
4.565036074,4.558848876,3.35389492,6.555099346,4.048459493,4.556096833
4.910781923,3.224990686,3.774689012,5.536537301,5.395401873,4.305713984
5.557790834,4.830796132,4.052144009,4.240707446,3.335365826,5.028991297
3.803723038,5.952705077,5.061149926,2.507955274,5.665704895,5.852540294
3.564171021,4.081410777,6.366996668,6.594670413,6.107387031,3.906024577
5.260672748,4.681754087,4.72545375,5.468937837,5.409551626,5.639920902
5.777637006,4.696823821,4.292247092,4.348247733,4.006203234,5.851768651
7.275884302,5.4271237,5.433552839,5.566656251,4.760102052,5.616815634
NA,4.789348616,6.007307934,5.345476133,2.867250666,5.578283106
5.012956424,3.272653803,3.4101823,5.210269772,5.06552764,5.214980125
5.399039288,6.854392475,2.853440911,3.904289955,5.322295542,4.752917416
5.045822155,4.095465501,4.097800722,5.725024865,3.841683256,3.643152839
4.957808312,5.721744825,4.988353109,6.197804884,6.569391931,5.876762516
4.586909749,4.421360479,6.05183681,4.940072568,5.600613264,3.671318733
5.019433635,6.248624619,6.099864926,3.898580173,4.474043949,3.007002267
5.315075776,5.553705779,6.501347259,5.053902765,3.762668969,4.567729761
3.696118787,4.350581339,4.29694978,5.190874635,4.951960152,4.80340084
5.238104407,5.229593862,4.382463886,5.997284459,4.866059834,4.128907412
6.017183043,4.845412932,3.967986978,4.479475215,4.012387157,7.193157847
3.363946495,5.580382467,4.160027758,3.96925975,5.057373471,4.888861253
4.904806112,3.722575089,5.097452879,5.977000094,5.247493027,5.446495474
4.559766732,NA,5.313911856,3.184725405,5.566950669,5.597600033
4.501904972,5.134197536,5.871004934,4.13574064,3.363941425,6.36360559
6.256547744,4.988504888,4.255158719,4.628330633,6.720030646,6.368457346
3.986230476,3.29367266,NA,3.675986452,4.783211964,4.909058717
4.642679961,4.664090519,3.957383018,3.953624849,6.333462869,4.687690349
5.279043931,6.579522139,5.440457909,4.708974081,4.162077475,6.616963766
3.641511687,3.845786102,5.017500023,5.548692533,4.55990479,4.846143838
4.903761981,2.620058377,5.235276076,4.647997462,5.230031326,5.371257505
5.201652473,3.047397069,5.445960627,6.238425529,4.654518629,5.297105732
5.28559718,5.796696502,3.127074692,2.999601437,5.416920697,4.234097375
4.015901008,6.169123389,4.744187425,5.315237559,5.063184192,5.366248671
4.63209202,4.450868025,4.559013122,4.29095208,3.943301131,4.370440758
4.344068612,5.379155127,3.949698466,4.825468028,5.323396683,4.103189586
5.692127322,5.074149855,4.295366594,5.999567463,5.478624673,5.304012097
4.622507198,6.272698543,5.304128408,5.473581523,5.872397208,6.396709166
6.852903637,3.771656567,4.926727511,3.999105264,5.024190246,6.028590346
5.862230571,4.969592267,4.986667017,5.800777958,4.182505399,4.453569042
4.021536802,3.160555872,4.481132272,4.624715634,5.034729283,4.126430088
6.886747752,4.20964296,5.679083644,4.262395886,5.266786099,5.117839094
4.635920214,3.652406093,5.378794701,6.126733475,5.094187201,5.033709286
5.428787959,4.544228153,5.477640593,2.316364774,4.538000313,6.061090198
5.415060452,4.616022458,6.721380019,5.090399706,5.183797012,4.738831397
5.414756497,6.889480031,3.735535522,4.5472374,4.199369737,4.752091994
5.150663042,5.710532231,6.114846836,4.572268826,6.557300151,4.154009619
NA,5.33089305,6.055770977,5.382780893,5.934151119,5.242655882
5.92447507,4.296003475,4.792338301,6.075236344,4.511037162,7.575595189
4.351008758,5.407683446,4.328121388,4.739648667,5.798809366,4.355464772
5.319455836,6.403594344,4.885769739,5.992471526,4.16761555,5.830683223
NA,3.442302293,4.877463042,7.215957548,4.961357717,4.862091408
4.005635048,5.692464207,4.444464682,2.862287606,3.993727181,5.196049248
2.264106516,5.152832746,5.100407181,5.64616303,5.865202857,6.948605038
5.369024541,4.617470427,5.333420315,5.95479035,6.217571903,6.169336122
6.425396296,3.921735437,5.123840189,3.835678177,3.595100025,4.849195503
4.91509914,4.917777799,3.093890983,4.083028869,6.299416141,6.208485627
NA,5.184894684,4.96611112,5.607480826,4.060668105,5.531149543
5.273730094,5.915631799,5.214968898,4.118875486,5.41113895,6.175987253
5.497548602,4.205695699,6.443575915,3.460608601,5.057835966,5.372898956
3.723542744,4.793363832,NA,6.206167405,4.720145102,5.610239591
6.156256767,5.200825147,4.703567447,4.491816564,4.577890637,5.254216294
3.510086961,4.550611248,4.879891281,6.182152446,5.352155293,4.614429301
5.78293876,5.807848534,5.302053987,5.127867848,5.893011297,4.539542842
4.078329164,5.210652555,4.342049077,5.685302423,4.509905663,4.961941357
2.95812112,4.769437378,5.54438171,5.658438328,4.569780924,3.964980648
5.206361408,3.597157455,7.441831027,5.340863687,5.565905782,5.705673735
6.131620172,5.158693816,3.704719204,4.522869622,4.194325421,4.655164832
4.277593022,4.94421935,4.909415793,5.35868772,4.057998954,5.65147617
4.864238771,3.592908529,6.373749455,4.362203941,3.698971737,5.763619727
NA,4.365867427,3.990275407,4.961371379,4.808197957,4.830246602
4.431838641,4.516972707,NA,4.406994304,6.107888183,5.129327411
4.712895922,4.874476835,6.649655452,6.41777378,4.361336673,5.609233532
5.65231392,5.20231599,4.156542845,4.620029894,4.68392747,4.235979556
5.163730856,6.068766205,2.953330308,6.939455132,3.594486085,3.213657545
5.835549498,5.680937246,6.540526502,4.37236364,4.41197406,2.80787024
2.824914755,3.943527198,5.843436412,5.421585141,4.555205132,3.860516462
4.497511136,5.355920269,6.393602378,7.512059722,3.85865054,5.502352207
6.763117376,3.482910455,3.880321538,7.743784292,6.796639407,6.919227951
4.58023267,5.924470376,4.950120029,5.141779735,4.988926072,4.040174594
4.089943477,4.447045873,4.487453855,5.224486425,4.298723719,5.768777146
4.17146867,4.142555833,5.950409533,6.826937536,6.236208543,3.885244873
4.667860833,5.794071069,5.079236575,7.348022713,5.144332813,3.76495322
4.181379534,4.294152134,4.326619617,4.519819524,4.807478425,4.192082728
5.439810355,4.656848302,5.079205291,4.811086716,4.221312732,6.007871714
3.354092844,4.343141687,3.772543999,6.297501072,3.585485626,6.821466321
5.879352806,NA,5.893919539,5.065516386,5.610796429,4.300393035
4.604159375,4.190122569,4.822654384,3.981180728,5.02687073,7.197967282
5.926558361,4.879439052,5.368876595,3.32584438,4.786922235,3.958097709
NA,4.711121008,6.272424909,4.686035722,3.974592227,3.970174788
5.492051416,5.227270409,5.126417775,6.848535586,3.95675439,7.183562577
5.043834766,3.559238623,6.01418968,4.033893715,5.355462224,3.905845957
4.933177428,6.071540631,5.38500137,5.643508409,5.029380708,7.090161391
5.744387149,6.227137083,5.431531419,3.141936748,5.119113466,4.671080933
5.770212706,3.737222197,4.852755367,5.178318484,5.831189507,5.919408682
4.748766588,4.984175421,3.847700013,5.333417463,5.903662581,4.429644128
4.283710174,4.801899829,3.974161973,5.407956535,4.933287708,4.479883865
4.225729366,4.355040286,4.369585976,3.778552721,5.053442043,4.158935519
5.548525119,5.690213892,5.764230801,6.127873599,5.138275248,5.407404137
5.55011577,2.96503214,5.978578297,6.496320646,4.206650773,6.927576291
5.76079653,6.728371334,4.283978766,5.743576722,4.964356194,3.722503075
5.87924831,5.93423523,4.573396121,6.364715274,4.964870136,4.96803285
5.810669742,5.295356214,6.134964242,4.517327095,5.395632175,5.929783461
5.156930318,4.217034784,5.855135242,7.200527904,3.935829228,5.660974242
3.671487023,6.153958797,4.672870563,5.131928311,5.255277057,4.653126472
6.335204662,4.794568352,4.164943972,5.96885782,4.289910577,6.286415603
5.885567081,4.349554289,6.900259732,5.357032209,5.229649077,5.809762144
4.935841143,3.306241874,4.848205706,5.720263481,5.478454407,4.927375793
5.827600637,5.502576006,4.913457266,5.578358941,5.289501013,6.404029454
4.583686139,4.304722853,4.775348702,5.25891887,4.288007628,4.921642265
5.3574292,4.01286441,4.473955031,4.782761869,5.81697866,4.874163876
2.510579646,4.773633356,5.790527319,5.525435044,6.1518166,2.871438552
5.122304243,4.184286971,5.181615484,4.376548453,5.564746589,6.248567803
3.335654471,6.447666811,4.663193962,3.472980396,4.57017606,6.029675272
4.188530572,5.397598901,4.970519263,5.284720296,5.076292462,4.358477406
5.322691659,5.707136199,5.645845146,4.332089871,3.939959948,4.114671837
5.009356604,5.443311752,5.608908497,6.632522902,4.567349135,4.269892455
5.072371897,6.964987562,3.462136029,3.891957304,5.072291423,5.690910184
4.413512249,5.849836036,NA,6.762713269,3.693501393,5.485986284
5.568993963,4.463696239,6.03341986,5.154760831,5.040745536,3.151071693
3.091064789,4.636404764,3.272756628,4.731663863,3.291383416,6.073742488
5.907337918,4.763349414,5.705266469,6.134917901,4.935333033,6.977980635
5.507964105,6.25808008,3.91844687,4.154936342,4.878372467,4.910003507
7.437414681,5.074549261,5.528616281,4.815670925,3.658323931,5.331533638
5.722011204,3.270565954,4.44708769,4.645663396,6.833587566,4.172345161
4.978308362,7.186733051,3.391714812,4.451023763,6.275588311,6.47602428
4.883580596,7.195678243,5.1889635,3.710503485,4.990589225,4.996368277
5.107359844,5.587519771,5.069572318,4.940323162,6.523139841,5.117613094
7.071165245,6.560499698,4.842255834,7.050999787,5.476931016,5.787433864
3.61408697,1.922414223,5.605865194,5.007403141,5.476676515,5.822288937
4.642088477,3.755410523,5.451805607,5.713355791,6.255230733,6.571327333
4.779681556,3.417237773,3.86153392,2.629402777,5.183583044,5.654415532
4.524866373,4.229655229,3.739714137,3.593944062,5.738811448,5.098820642
4.799781143,6.628227066,4.469848027,6.109687095,4.630670676,5.250407919
6.34454143,4.081443856,3.681320944,6.225029001,7.175423844,4.40736374
4.993948564,4.787805775,5.169626266,5.437846631,5.289849347,NA
5.393332493,6.244475688,5.344311146,4.731320665,4.218863,5.723808202
3.806374747,4.059310855,3.35920437,3.475112399,2.922673063,3.428630918
5.44292111,5.415160198,3.848114505,4.842792109,5.850034833,5.597673541
4.528394032,5.851449935,5.818181904,4.866737107,5.002877941,5.401298082
4.546586741,5.605528463,4.309542132,4.115459418,5.802134724,5.964282707
5.355612802,5.138985319,3.589444279,4.114407478,6.224304411,5.161271184
5.859130151,3.426232305,6.091204311,5.174437068,5.525357063,4.101135245
6.155900138,5.117988871,4.744518265,6.497055003,7.385576867,5.891434201
3.676082385,3.855383528,6.183793659,4.827612545,5.398820237,3.926979405
3.805516474,2.882512259,3.65422741,5.006703297,5.253800031,5.209310745
6.073506783,3.450250792,5.027437535,3.910023761,3.873235862,3.455701003
5.734437562,3.995070209,5.820372146,4.266879248,5.358404154,4.997621686
3.164658368,4.047606295,4.518822493,6.05249748,4.645991293,5.127378974
4.134665672,3.40329879,4.612114538,4.402278417,6.684450718,5.233358698
5.631428063,6.735874055,5.421283608,3.788137067,6.336196479,6.433866803
6.374972343,5.703868372,6.264333048,3.50058913,4.158958866,4.256880176
5.335789725,5.542886072,4.765481814,2.704720407,6.435857489,5.874929954
5.611013801,3.553798685,6.336395007,6.451715594,3.631531138,5.366227817
5.372234433,5.035521489,4.461498569,5.382611772,5.101526917,4.506605415
6.677624766,4.506199711,5.931833687,5.776085779,5.792342597,5.449804427
5.527307399,4.624813575,5.736122132,5.324894521,4.624494721,4.367141199
4.382027931,4.776410234,5.541814443,4.812704573,3.975071572,3.900249457
5.770768189,5.129877463,3.825293543,5.803842833,5.605484427,4.835788602
4.453261107,3.899499928,5.614027546,5.162584923,5.066213526,4.659857797
5.357137187,5.230381104,5.519816944,5.100611577,5.454578951,5.217194179
5.14428454,4.938292105,4.611134933,6.088358336,4.755160466,4.876150322
5.11375733,3.705185845,6.691337192,3.871806776,5.219414702,3.91287021
5.019627391,5.591143576,7.005980094,4.810620799,4.931201895,4.042700988
4.880455058,4.112080118,7.53184118,6.35918429,6.128196599,4.549788108
4.53149757,6.76380938,4.266878576,5.734713811,6.901828111,3.478252027
4.051650018,5.110043183,4.040527847,5.784166988,5.499886251,5.30663355
1.839554451,5.327559924,4.234025337,5.316358114,5.957209389,6.284085876
5.027398574,4.850906497,5.238029743,5.945013322,5.342112272,4.464762648
4.382147454,5.093051732,4.111640148,4.726521368,6.013363472,4.057508042
3.608153705,5.693445406,8.005851494,3.703785238,5.402953592,NA
6.58563021,2.145675872,5.264653842,4.514345751,6.046816408,3.54864097
4.284481432,6.090441672,5.897957119,4.217173484,4.713045487,4.797047481
4.292024263,6.191434161,5.55588141,4.253994293,3.32851405,6.587228295
4.122729979,3.966788138,4.782112121,4.777630769,4.001215355,3.983268084
5.499148832,4.575277776,4.092391008,6.284910931,2.639459783,3.980877195
4.188291945,3.604576267,4.174916957,6.341803012,4.130815653,4.39260584
4.756549207,4.67486555,5.719119978,4.031528197,6.476291104,5.523704666
4.805977285,2.61015353,6.227384809,6.635467373,3.619678897,5.733851316
4.935973508,4.58813085,4.793561337,3.478363017,3.562038881,3.987039734
5.852162057,4.573257834,4.473219757,5.375724219,6.021394205,4.143269544
6.42899788,6.653433925,5.999301283,4.344630336,3.729537981,4.944738758
5.046519584,3.58274393,5.04933411,5.233303418,4.912677812,3.675073154
5.16954009,4.15124783,5.411797963,6.783312811,5.518919027,5.538431849
4.762272674,5.475943756,6.791583783,5.239404624,3.453640568,4.030965015
5.409510849,4.08930003,5.419529706,3.80593055,6.447271677,6.018328517
5.290721725,5.231777819,4.582108428,4.70454273,3.340969422,5.270799243
5.806626363,5.679350418,5.345294281,4.84367011,5.424724637,3.554881862
5.973941266,6.122389761,5.360937012,4.629774379,5.427436312,6.100697481
6.472262234,4.367841957,4.237635055,4.913377816,4.149874679,6.108559833
3.023630363,5.816572302,6.608094749,3.670845253,4.218290047,4.483439755
3.179686647,5.768776729,6.310317466,6.638057404,4.055169419,6.015217619
4.956564097,6.372510423,5.297894135,5.987210753,4.313417726,5.531772082
5.328039157,5.078672885,3.622850954,5.724626087,3.27686138,4.937375629
5.521393619,7.421342258,5.915174463,5.006871356,3.815586235,5.615914154
5.574281616,4.282572814,4.098846769,3.990872384,4.437566645,5.99212362
3.839775732,4.32757817,3.595058453,6.662894145,5.766500372,4.944656132
5.030236527,4.327093434,4.223723218,6.840857819,4.765095219,6.780038298
5.615024793,5.683707021,4.005435619,5.436805927,4.199994574,3.621462163
6.078479015,4.631337302,5.262006783,4.739695555,6.124419182,4.393213332
4.420884464,4.935847539,4.178305789,5.544506831,4.142949687,4.48348951
4.15481659,4.399007324,5.271753768,6.943185087,5.254507829,5.561542741
6.544309896,5.404385001,5.880745011,5.091487976,4.298742833,5.11204481
4.949287753,6.428100418,4.926895849,5.483422467,5.032073047,5.220318152
4.986626445,3.97634691,4.203600099,5.833301685,5.005720225,4.47469984
4.382889627,5.422961794,7.080825826,5.939205621,6.819698018,4.09869727
5.456354128,6.928675158,4.258311172,5.7294639,5.921104226,6.147614124
4.788667118,6.803405438,6.540471534,5.185429191,4.218863,5.472007791
4.859604214,NA,5.086800879,5.633253944,4.879132952,4.31360645
6.853905851,6.001848312,5.641724725,4.167564945,5.292711233,2.729716085
5.196663256,5.425707803,3.611171335,5.560172877,3.0243164,6.719034794
4.07381288,5.750877373,5.030258108,5.690831997,5.031127592,3.666198881
5.795776616,5.647070162,4.243524408,3.030675577,3.792079191,6.740820724
4.529592395,4.939546538,4.295556592,4.272667561,4.521961921,4.729467959
5.901054962,4.586060777,4.662537177,5.95030389,5.1769148,4.158974799
4.438876119,5.633889337,5.706967878,6.603246796,5.106346807,4.630611324
5.246322439,NA,4.573989739,4.141914167,4.301197194,4.860374123
4.355690209,6.232048636,6.431782582,4.241554253,5.493602634,5.677108465
5.030732372,6.353695967,6.452701547,5.875215592,5.430151776,5.500990243
3.707816997,3.572888712,5.979706662,5.874491857,3.818337345,4.122525188
3.449989156,4.486675868,5.084163364,6.366063041,4.063929845,4.390017441
6.207280597,3.456684312,3.041461406,3.990214394,3.984519472,5.512951807
4.596351332,4.170227266,5.197857021,3.41454658,4.970358348,6.107102033
4.462042165,4.72612974,4.847792856,4.25777709,5.614810489,6.395345288
4.602433729,4.213572117,5.02757954,7.005522571,4.207075954,4.388786693
5.94723156,6.161429034,5.183008652,6.092149268,3.105531281,4.086051768
3.424412401,6.268715767,4.300437464,2.748673341,4.344076111,5.61751275
4.041050156,5.10919763,3.949803021,4.427238447,5.879783376,3.672391012
5.841402691,5.030291459,4.029182201,3.235274751,5.799739918,4.114873802
5.346378527,4.805980831,4.163512893,5.300717705,4.218863,3.304198655
4.924130028,4.699293975,5.127273418,4.629116802,7.203304735,6.065896927
3.821218451,4.070465414,5.077549677,3.278398002,5.739992701,5.160362071
4.686666005,5.529580211,5.696204988,4.764568489,4.675104849,4.280015091
4.516219821,6.183408446,3.538076266,3.971400202,5.002976894,3.966458388
5.537606577,5.296542223,4.225774365,4.114202633,3.8484576,5.581460398
5.404405458,5.382062332,4.837061174,4.851471391,3.958967632,6.115681988
5.96819536,4.099577885,4.760086383,5.973770318,4.888344906,4.191144811
5.316966823,4.131225446,6.011602109,5.434359257,4.577499764,5.959695039
4.574486044,4.529574183,4.512802918,5.742920509,5.013630876,5.379026436
4.80683459,2.463652322,6.03815573,3.455750188,6.51798676,5.482697782
4.142786745,5.966181313,4.488009161,4.132591651,5.104443481,4.884932447
4.039890729,4.465694437,4.697959228,5.148009016,6.03865994,5.588308675
4.831336386,3.777768022,5.012102566,5.706575085,5.058009705,4.914665937
4.970280043,4.989054665,4.941018394,5.01771106,4.776875313,5.627323209
5.593598794,6.452755232,4.725722546,2.150476254,3.637564133,2.820543332
4.907181775,5.004084453,5.521330155,4.541351438,2.633457184,7.341067587
3.882084878,3.718494836,5.758889404,5.259654927,5.913677265,6.831564553
7.45273915,NA,5.450992885,5.878798236,5.07731009,4.484341597
3.904773618,5.203853134,4.384499685,5.575226944,5.378723915,6.222810991
5.629402216,5.120216155,5.69511736,3.261266564,6.976491692,5.68059349
4.703292247,4.230249409,5.15937568,5.188093006,4.218863,3.404323596
4.586062739,3.609400619,3.709297984,4.36690347,4.482795187,2.77668829
5.907173552,5.327280669,NA,4.554005749,3.6335128,5.438840322
5.406628797,3.400916922,5.438255432,3.344010772,3.736564246,4.878073278
5.771933133,5.686039834,6.836109301,4.525959387,7.354729138,4.939782378
5.552109935,5.692564518,5.926876201,4.210205929,4.297942439,6.402305754
5.37259179,5.770027204,3.950907796,5.393908044,4.955790084,5.061553821
5.124410405,5.237811372,4.639727928,4.417356157,5.650935899,4.269763103
5.211299621,3.525424906,5.347451491,4.278202446,5.312407074,5.094194229
5.907801253,4.229241385,3.028380989,5.931581844,6.203161727,5.180968407
5.200959784,3.900762513,6.233995183,7.081970687,5.951199983,4.027200442
6.292722341,4.530945469,6.698146171,3.565114672,4.247237674,4.535635279
NA,6.353261067,5.718324037,3.558168458,4.266790797,6.001351001
4.612810841,5.462182574,3.257760772,5.190766427,3.6138513,5.735177146
5.301251821,3.674147292,5.408738779,4.472640054,4.549917946,7.66219332
7.307151797,5.537726317,6.422073244,4.377589219,5.360524831,5.911205074
2.972565603,2.847016944,5.178303519,3.874950263,3.718554826,4.547405735
3.617857973,4.626918095,5.181131426,5.675389706,6.17945599,3.529725456
3.136924965,5.466099122,4.524438866,4.68906589,5.030294185,5.08966436
6.06077454,6.211756828,6.008588436,5.960842015,4.840743074,NA
6.22790192,6.216598751,5.536839293,6.365328297,6.071793104,5.8610563
6.035867043,5.222068025,5.246016776,4.813574198,3.306987753,4.85541849
6.627846848,5.673419826,3.961739839,4.892093075,5.163117973,5.243618131
5.484005713,5.71814527,5.70544802,4.258134101,4.146795056,5.058052866
3.259352666,4.76472587,4.872799236,4.153129543,6.694328744,4.228414019
3.874600678,4.021936942,4.800423062,5.024974041,5.368311368,4.852755723
5.095299207,4.906205912,2.351009218,4.879692885,3.507724766,5.606286612
4.04385786,3.15931738,5.041308156,3.471530515,6.221119627,4.570658577
2.88182561,3.173008416,5.500514436,4.007496714,4.477501404,4.169633913
3.730564578,5.970985823,4.933871613,5.245430729,3.552447114,3.252661465
5.473016295,3.989044544,4.360837225,7.067591302,5.819617486,6.112390663
4.157802773,5.703400689,4.601970494,3.600774525,5.899754221,6.798635227
5.653037984,4.262998022,5.903075259,5.6850728,4.96660612,5.359129188
6.05833149,5.864292826,4.875608153,5.149467857,2.449050481,6.069053231
5.699478275,4.976117107,6.746346717,3.684169789,3.273025228,3.345986897
6.361499575,3.878987043,6.310743941,NA,4.17484704,6.046847054
6.036828645,4.095693357,5.562274648,3.354594318,5.261836791,4.610457907
4.094055805,4.447754117,3.709081509,5.430685856,4.868702168,4.320466433
3.695060469,5.208957904,5.187837401,3.372460176,4.186973348,3.03516857
5.709119909,5.611968818,5.070921047,4.928937368,5.609414792,5.446983121
6.576032304,4.563719703,4.65658976,5.266216178,4.848097089,5.444929855
3.741980262,4.91911048,5.225988196,6.014745342,6.2138393,4.475990009
4.021708705,4.225615948,5.625426825,4.732725146,6.538351328,4.607292376
4.383631404,4.325087958,3.655954042,5.406327258,5.576422256,5.51334438
4.842426252,5.491119817,5.357235791,5.154376202,3.316360071,5.384808162
5.902447331,3.922185649,5.856699251,4.428076497,5.728200342,4.578104173
4.193343633,5.326926839,6.730837435,4.515253597,5.619789854,3.904517517
NA,3.296194041,5.499827271,4.017790654,4.218863,6.733517405
6.16823263,3.728684163,3.283695222,5.864410354,3.431047581,5.200915278
5.635018212,4.120399177,4.645083303,4.988443693,4.560025859,4.375339025
5.574978693,4.067771927,4.059357865,3.749757966,4.41379764,5.342291522
4.435216487,4.763129692,3.571489282,4.307869582,5.475405456,5.411825921
6.022406495,5.977684067,5.417167484,5.008893335,6.083277878,5.164895131
4.492945833,6.350383756,5.640298612,4.260989121,5.235778173,5.090456823
3.602819648,5.874387958,4.890318586,4.356493213,3.257156341,6.394361999
5.469701235,4.525804321,5.753574048,4.553998894,5.63379588,2.941208862
NA,4.823546579,3.948947117,5.101942184,5.040411015,4.1131349
5.58611531,5.740163174,5.541209853,5.84909323,4.218863,5.987817345
4.415823878,5.122752715,5.44745153,5.883795774,5.218863,4.751578907
5.884755993,5.466254565,5.907508367,3.772029735,5.983115152,5.541658938
5.739229557,5.14608035,3.676838858,2.898543097,4.698081724,5.40816613
5.353874817,5.174978855,3.667017467,4.239298865,4.899157808,6.48254588
4.49923001,2.036900008,4.03784508,4.193630311,3.445332368,5.991014656
6.293386955,3.432757012,5.522322418,NA,5.218863,5.822405411
4.024031282,4.23547864,5.002124932,5.735144878,4.355811395,3.991045005
4.892088805,4.517997599,4.500734509,4.23024292,5.111160759,5.224689288
4.568896789,3.674826298,6.024755125,3.414492842,4.552449752,3.757073627
6.786319512,4.734991325,5.085903436,4.229442621,3.681793898,5.407943761
4.668056936,4.301073586,5.146229656,6.086883986,4.130587223,4.556518788
6.016579432,5.157691346,4.581913121,NA,7.069313993,5.616938138
5.040528436,4.939564644,4.021722752,4.161516422,3.4930837,4.093697289
3.707892858,3.200540409,4.037469783,3.584824206,5.346789589,3.552253588
3.728174218,3.068508001,5.217272753,4.364525373,4.545196751,5.462096684
5.204410105,3.724475992,4.26163948,6.862788671,4.39496132,4.250550862
3.924977263,3.354411131,5.000678649,5.10048824,4.391369242,5.47640302
4.477987402,3.611935595,5.721816762,4.434710079,3.798847287,3.730240901
2.881666718,6.370725401,4.586969177,5.082443146,5.878771743,5.318911214
5.70636396,5.017277511,4.211262026,3.067552883,4.829458337,6.510427043
5.171129403,4.057238471,6.568045568,4.944564525,5.542949006,4.339454848
3.350387791,3.119230524,5.251349232,5.874868391,5.548749058,4.791648747
5.627398532,4.774751778,6.029986109,4.346573023,5.42854084,NA
5.711122246,2.67925639,5.565260175,6.278690028,3.594041217,4.919624568
4.696082212,3.823002454,5.726318017,NA,5.282117547,5.681682749
5.083824934,5.96546005,6.155688121,7.46749685,5.685875363,6.090983033
3.886271898,5.743551445,4.587159999,4.338411353,7.747514765,4.520207889
6.257914554,4.847960805,5.553667436,5.088964849,4.911168163,5.067595265
4.995421237,4.113210987,4.262298573,7.511582237,5.22636458,5.443875553
4.214337994,7.219647058,4.60767639,5.409006589,4.454721941,4.013920921
4.113753324,2.405616518,5.745761929,4.909738286,5.318322649,6.743172187
6.508124188,4.504239895,5.657818708,4.130345617,4.361182931,3.424897343
5.038293115,4.333788067,4.912414988,5.786465803,5.53335645,4.24796289
3.900664481,5.288582548,4.612848036,4.964669848,5.015086269,4.752084828
5.462422834,5.047130518,4.12263096,4.818929456,3.774711176,5.836154979
4.975669254,4.126965584,4.646198428,4.925874061,5.44911997,5.311679044
4.393689117,6.353480029,6.027099238,4.915206201,6.202605431,3.67731462
3.886642741,5.996661713,4.251251177,6.177667303,5.021283014,4.976017557
3.038557557,6.141227012,5.1679913,4.288953424,5.415837003,5.469942644
6.40050668,4.609564191,4.617151356,6.867358945,4.673863508,4.821410755
2.757233847,4.121708199,3.896840617,5.234786839,4.964447469,3.435213607
6.507246336,4.609628148,3.784202852,4.540173194,4.85018061,5.059637804
5.504457911,5.61506164,4.63284622,4.271295638,4.477701998,3.909556567
5.710617245,4.370689563,4.534241691,3.950200207,5.549386754,4.167612325
6.697790916,3.71194098,3.979023511,6.203451946,3.745172875,6.787093568
4.982268581,5.145844471,4.52016446,5.328793288,5.388653921,5.617584942
4.935529007,6.646702783,3.965381462,5.148831405,5.020688953,5.043018961
4.621107236,5.502565926,5.295336101,5.169425183,5.520841631,5.17550633
3.350000363,4.684934452,4.864369678,3.33712926,4.132373885,6.233639856
3.703952649,4.058528009,3.710663568,4.197518375,4.667918253,4.994569782
4.884651358,5.734403512,5.69106447,4.510465363,4.05128163,3.427302035
5.005103044,4.941156094,5.360072426,5.394999809,4.967105951,3.904538494
3.261296088,6.079125767,5.466564353,5.393175033,3.077628123,5.595502262
3.694761678,4.274451769,5.569741073,4.314166258,6.426053101,3.793800331
4.801937468,5.939954075,3.658106124,5.579923588,5.116486015,4.614586025
6.03713095,5.716919554,5.750831475,4.962909955,7.895529621,6.209285161
5.3932709,3.922286353,5.341476573,6.587235983,5.079579871,4.701815467
5.255317359,4.692159737,5.045165604,4.687681446,5.626951262,5.911140324
4.972602423,4.178575758,5.515347219,6.044693176,6.277079674,5.11195171
4.649370338,5.390603851,3.312847503,5.173960595,4.26943878,6.850082025
NA,NA,4.519587611,4.334283345,4.243610619,4.354456514
4.556984714,4.506513981,3.840554325,4.889640018,4.72496191,4.314879816
5.295243667,6.279242252,7.129503172,5.581134384,6.3927254,5.393750518
4.240909525,5.392381296,5.29003393,6.393498874,4.924833639,4.288388019
3.932011638,6.125082098,3.340828157,6.831396802,6.579026446,4.993672842
4.354233001,3.325354625,3.734239672,3.557132385,5.357038029,5.645203289
4.640563405,5.111534862,5.388736359,5.17615244,5.217662388,4.317640035
5.952384004,6.704589385,3.704732381,4.233900082,4.339384059,5.067342326
5.576024231,4.331082333,4.961766454,2.729595578,7.102149687,5.914885096
5.735022647,3.083662334,5.956197263,5.357492832,3.80310794,6.611573463
4.64905222,4.08551241,4.681135487,NA,5.490569325,3.577398727
4.356384648,4.338534525,5.354556469,6.18618339,3.786287272,4.364504405
6.582033151,4.118279954,3.869920314,5.395133957,6.379504592,4.764858934
4.344260829,5.908001309,7.055686001,8.649247537,4.5753256,5.95105127
4.630060768,4.803506231,4.361254808,2.469636429,6.611254628,6.416913667
3.405386077,5.352767841,3.47821646,5.018215418,4.078199128,3.826655789
5.908248096,4.840676173,2.312276036,4.612902986,5.379297129,4.824111216
6.046280405,6.900395745,5.930941755,4.601861483,5.076668005,4.565385921
6.24445206,NA,4.21987332,4.023733635,6.997947814,5.993000188
3.448710106,4.452517753,3.700743573,4.98031394,3.816178451,6.385357238
5.755637054,6.922513365,5.115795291,5.186431101,2.915651098,4.33275826
6.438749496,6.553880626,4.002261822,5.647263146,2.95440525,4.869896585
5.077214211,7.769284649,6.111898312,6.564676679,5.81506172,4.338245734
4.97367464,4.153267161,4.904309849,5.608075515,4.25748773,4.812129505
4.313805531,6.268514053,4.942801019,4.334430465,7.546653304,4.315617373
7.234927557,6.590051222,5.454566871,6.372904195,4.489820431,NA
4.054089819,4.043591925,4.165411862,5.057697453,4.990144083,4.565079988
3.644440176,4.606621956,4.489287742,3.852084208,3.56473837,4.412840001
5.605477974,4.024250956,3.432154618,5.347293419,4.682987404,5.249825437
6.332188045,5.72303643,6.0592674,5.149194703,5.451446771,3.080791649
5.607373183,6.030797443,4.617282134,4.049309633,5.205197716,NA
5.795078683,5.8465073,3.105754367,2.400137463,4.633145287,5.979679031
5.046535767,4.79750799,6.129046147,4.159635645,3.872073124,4.318452049
3.566574846,5.745840722,6.339467668,4.682252302,6.623384006,6.124151371
5.072704258,5.263929121,3.327510426,5.920020626,4.799378641,5.111162858
6.683681148,3.789161885,4.024998313,3.951905813,4.941485602,5.229663737
4.165740473,NA,5.338638192,NA,4.366316881,3.9541033
3.833963204,3.033243785,6.609149967,4.098035654,5.255305783,5.143145168
3.79541108,5.924494904,5.522064581,4.962704754,4.287180703,5.345673213
4.501338201,4.726794573,6.133899294,NA,3.958333441,6.265075252
6.436322581,3.943535655,6.112695935,6.535899883,4.434292247,4.296884131
4.015053669,4.650759459,5.716481549,5.578134304,4.310442808,4.503595136
3.721891607,6.574522407,5.244817925,5.394065567,6.251549986,5.293733761
3.756329047,5.210413807,5.069578682,6.111694671,3.494280148,5.743047538
4.054296615,6.222796044,NA,6.500244583,4.151967314,7.258855367
4.955704756,4.681324541,5.655290234,NA,5.115238175,5.464427719
5.367036871,4.16581127,6.266268966,4.995542285,5.452863,4.925668131
6.710655353,6.906341292,5.155501701,6.484080283,6.086044875,4.174630726
5.948499577,3.636125604,5.263917598,5.05904118,4.571250778,4.036875125
5.972976373,7.058795418,4.210379429,6.164336594,4.476415558,4.55710645
5.063975262,4.288663975,4.846178318,6.042190361,4.961308046,6.357618726
5.933788778,4.010674851,4.945333837,4.536463189,5.976043768,5.003583515
7.067923178,6.354395841,4.694881102,4.325156688,4.212556115,5.111871892
5.04532932,4.950922974,6.472601789,2.896556778,3.773375034,5.481871125
4.338921928,5.26161112,4.967396894,6.223901416,3.504088271,4.171258666
4.565790217,5.356758964,5.34827711,5.170496957,4.673782581,4.07478911
5.444518172,4.641406092,5.498548573,3.046866452,5.486144331,5.202579481
5.697944361,4.829878662,5.450807232,4.942780079,6.282671457,4.832900791
7.131411817,4.687115587,3.713779268,4.4593112,5.899390546,6.154977899
3.812963103,5.046935319,5.710305194,4.807762501,5.649111835,5.600583552
2.681150112,3.41847253,4.064823681,4.480152441,5.477699199,5.695909321
3.848981665,5.096054491,5.086939877,6.185815348,4.166968275,5.650115505
4.587028672,6.596502619,4.815682694,4.876538239,4.821057842,3.981986106
6.245051608,4.14788721,5.05247245,NA,4.114115761,6.474239691
3.769304083,5.252177791,4.028935614,3.39734409,5.249431806,6.370442546
5.987247603,5.519489224,6.161838059,5.884886199,6.151888032,6.208746983
NA,5.183132554,4.311379719,4.921103745,4.305992799,5.356531067
5.509200192,4.604726506,4.203322919,5.420506295,6.208336258,5.011021888
4.88919447,4.237477222,5.359595944,5.622156163,5.412832991,5.283187675
4.850910639,5.853254123,5.272809078,4.821619573,3.902270554,4.205284335
5.538552341,6.077795195,5.792612633,5.876745927,4.595219118,4.799608088
4.076832795,5.683085715,5.136625792,4.867610891,5.084413212,4.750394706
3.836762625,4.036431879,4.213612846,4.614645787,5.016535,6.033421619
4.466107623,4.13599417,5.394880073,3.844883822,6.248811074,4.585418002
3.085357065,5.883160543,5.518301762,5.253932936,5.200751852,3.958382346
4.888964202,6.896268047,4.31014413,6.582381506,4.646024125,5.115651717
4.697909571,5.802876971,2.914105484,5.724249326,5.722197361,6.347657688
3.320690008,6.073049377,NA,7.103414596,5.227602505,6.015862283
4.453508827,4.057738444,5.283186912,5.617910716,4.505239024,4.794575194
6.432688503,6.714555556,5.852788288,3.745402521,4.444949525,4.315176693
5.774933052,6.634983796,5.575037295,4.210386872,5.466863,6.190631215
3.612311174,NA,2.650200733,4.006784111,4.905495601,4.820149064
4.967380328,6.434119018,6.292285719,5.286523004,5.85629606,3.222717059
6.122501139,6.330004988,5.27704652,5.618990379,4.705834494,4.247963548
4.556832065,5.15063037,4.47088824,5.999582881,4.940570904,5.317501828
4.929968268,4.550448452,4.147927923,5.414796685,4.025563248,5.701338
4.649988573,5.61191003,4.367479689,4.901704965,5.244997651,8.059111635
5.835672216,4.049082491,4.566282619,4.634481913,5.276809353,5.437726376
7.775599897,4.893823554,4.897878331,5.174011708,5.693315417,5.669311528
4.993497004,4.693818812,5.110999073,5.162262312,6.191247522,3.83287196
4.062554631,6.02319124,4.403011132,6.113670178,4.568458662,4.231848902
4.886324696,6.514269877,4.733668253,5.676439983,5.955766958,4.299720612
4.514613191,3.817004698,4.856404362,2.841152727,5.537709826,6.032892438
4.587481274,3.927633205,4.564832705,4.860909052,4.61457699,6.434094263
2.113280351,4.375547047,5.425272967,4.278786645,2.588031135,3.158555694
6.390684215,4.336817383,3.477985828,5.974218637,5.363224284,4.483118357
5.570019981,6.015021365,4.217651522,3.463013698,5.783300505,4.230743918
3.581836243,3.858959477,6.73180276,5.016397069,4.571950681,NA
4.285619585,4.196122726,NA,3.131716889,5.020978056,5.888922062
4.859925191,6.06048907,3.148668638,5.225154114,5.090102841,4.84397412
6.419026114,5.694288541,4.899450329,4.85520111,5.053362484,5.553244669
5.170859556,5.823588814,4.570474105,6.289461781,5.466878,5.142367243
3.973632017,5.272852203,NA,4.423564515,3.626075856,2.889315598
4.709234779,3.436853452,5.419890711,5.208151261,4.853911368,2.46719554
4.848776466,4.331951817,5.051236567,3.743987516,6.065187583,6.780509089
3.56435915,5.099451681,4.950163601,4.473309558,2.461354465,4.824991739
3.739387523,5.734729367,6.236969525,3.659503192,4.654104554,5.049884319
5.946493014,3.095227106,4.115950309,6.145165331,6.144593002,4.84341487
6.252820108,4.352574255,5.80554126,5.093988328,6.19430998,4.281235971
5.009093639,3.845920353,5.413243407,5.489578057,5.173597612,5.07725734
4.452575795,4.912867002,5.600681958,3.828352537,5.261403216,4.955581499
3.457672352,5.661269492,3.687092279,5.589780531,3.620531461,5.193407515
4.575338141,3.99957862,7.275483772,3.558111127,6.084639204,5.818598502
4.294205719,2.540599678,5.163142654,4.183623456,5.146719216,3.844005612
3.900784673,5.127741721,6.074260731,4.382012172,6.4101928,4.254613391
6.050288961,7.036435972,5.434737039,5.223908149,5.356260643,6.191817974
5.794051621,5.856794377,4.548126315,4.632584258,5.933216684,2.259032454
3.905532514,4.086416392,4.711909692,4.334416991,3.937072195,6.339304895
5.093002775,4.487583741,7.309841657,5.677199113,6.552805411,4.569286054
4.95890702,4.627797994,4.972367206,6.27781961,4.868337158,2.875691434
2.829794639,4.98137493,5.746580583,4.428767429,4.450570243,4.812440218
4.550477645,3.993574824,6.251926567,5.534966826,5.86204427,5.76812905
6.762512997,6.090394292,5.214644579,3.685572133,4.457192404,6.357343497
5.415395701,3.932102302,3.759471115,4.058514483,5.32484772,4.691662971
4.972479885,3.813946083,5.03347712,6.484068612,5.105456944,4.545688289
7.023546747,4.905610877,3.540820513,5.028682046,5.614271005,4.669548223
3.879301554,6.321593984,5.843865095,5.286002584,4.858017042,5.751009467
5.885880326,3.202746365,4.512102108,6.384245431,5.423897157,4.551883953
6.013753813,7.009761791,4.106595937,3.170322655,4.288858715,6.103726494
4.062984671,6.699168937,NA,5.828858066,4.347181474,3.257818455
6.56581598,5.41373518,5.298743692,5.3145186,4.514930097,5.241451013
5.628439512,4.410008075,5.234643572,5.416138182,6.143853594,3.910478363
4.816922967,4.376854857,4.24610658,7.613078205,3.704280242,3.25023487
4.24829824,5.304787712,4.615490067,5.826328468,5.167511017,3.913912434
5.610333964,5.644884065,6.263353912,3.344880897,5.354784849,5.944266772
4.516408791,2.503174239,5.021471879,3.483812959,4.657931953,3.618069496
5.288618385,3.67440745,4.524988172,4.464933007,6.629029124,3.750425808
5.303017717,5.123040892,4.722637044,5.307322735,3.888586824,4.430811508
6.658110822,4.27408119,6.307704597,5.360987644,3.909234446,5.080114886
5.026910497,3.783967658,4.830523355,6.183279745,3.630417018,5.25019487
4.651206651,5.644687262,6.113079521,5.061038935,5.389039806,5.440058908
3.7559587,5.936448932,5.572251108,4.231616714,3.226419715,4.982655903
NA,4.730018619,3.0156365,4.201131686,4.846712459,5.085684439
5.351162422,2.228904233,5.325421293,5.546393245,4.855644945,5.341817282
4.336193274,4.71941679,5.843097192,3.584559312,6.273226309,4.22400583
6.207546245,4.54727264,4.898706316,4.757564221,4.909848606,5.547788377
5.23108309,6.037199414,5.020932213,6.399474033,5.259513923,4.314894203
5.763603691,5.769644219,5.357462061,6.128797944,3.527237725,7.227444116
4.58045009,4.846223466,4.063385429,4.950338186,3.675707203,5.991305632
6.504913662,4.837671948,4.67777761,5.896705692,3.774740965,6.254801358
4.743273862,4.916368769,4.769445465,3.909513282,4.523757461,4.177945703
4.247140215,3.981281171,4.922486753,4.635525001,4.591798965,3.910005448
4.841861079,4.746695695,4.719397617,4.430998472,5.579661118,6.022918589
3.303969894,2.837840344,5.666708198,6.845856203,5.545762468,4.870387042
4.001658245,5.519563729,6.297554277,4.087541562,5.704994981,4.88701268
3.788453713,3.965152206,5.796889766,3.35085426,5.178741489,4.907440049
4.25504007,6.244473677,4.492869495,4.176244406,5.792336556,5.156181562
3.964811855,4.522113746,6.497330836,4.890055901,6.323666384,5.877000465
5.120736787,5.36864117,5.085592634,5.200326,4.062425208,4.14664904
6.524065421,6.159064087,5.363483945,3.929515046,5.276703908,4.689569038
5.97292092,5.079122514,5.388299891,5.482635293,6.628979416,4.959460861
5.985143508,4.513430074,5.256792027,3.133383493,4.665029027,5.105040415
5.552197178,5.840536699,4.062865593,5.148863649,6.831225669,7.153404478
4.624744705,4.525837454,4.857730486,4.565365171,5.369419248,5.689778835
6.886045929,4.472649425,7.209785222,3.923389997,5.588373567,4.615522552
5.000151247,3.277810555,6.188710959,4.422563161,5.287209481,3.64925191
3.350892647,4.897240005,5.689347748,NA,5.233955364,4.274084608
5.290196001,4.202463848,3.425103818,5.894172111,4.187540381,5.527093121
4.786367422,5.306091227,6.323030102,3.822442867,6.280489838,5.452842369
4.079457841,3.964482105,5.618764376,4.97139489,5.298311332,4.141130648
3.713187826,4.967211996,5.694739656,4.52872187,6.196593684,4.769514172
2.108577922,5.167677473,5.674401601,6.09682026,4.302761291,4.399220071
5.377599418,4.235959175,3.621779217,5.605736748,4.788681692,6.505840566
6.938185283,5.107468197,3.668739539,4.518675142,5.263795993,5.997513122
4.87750057,4.987608251,4.555075347,5.11468954,6.014803424,5.067665
7.227784751,3.385986795,5.698079289,5.366989553,5.002402274,5.87429644
NA,2.844623671,6.73658434,3.383255205,4.14145971,5.519472166
5.292196243,5.541446663,5.014494094,5.877791448,4.916790136,6.57083149
5.202852909,5.359567664,5.762146913,5.528229734,4.118502914,3.75430941
5.156740059,6.525349196,5.947987998,4.488016267,4.742125824,5.7866283
3.478915325,3.110365039,5.272741688,4.956957811,6.111049034,4.887162532
5.857200802,4.917586387,5.263323823,4.37590053,5.334981957,4.446922967
3.882739406,4.927373274,4.292834905,6.159163509,3.526413017,6.622574242
5.574557823,4.317634655,3.779590419,4.980664455,4.214855597,4.414682773
3.105684855,4.672078497,5.828512991,5.196104129,3.182411545,5.267716255
5.091748455,5.35789868,5.888242416,4.826589815,5.343665012,3.151911867
5.680953033,3.758028345,5.861206185,5.341108919,5.605050528,4.124191786
4.872112653,5.652415338,3.249140201,5.62733902,5.591326101,5.347958241
4.969659095,3.595074265,5.377329721,6.081475626,3.861895674,5.289003123
4.386708234,5.034034896,4.605751082,2.490817877,5.059174984,4.188892155
5.05298349,7.243123251,5.624932466,3.547910187,7.599206498,NA
6.052796546,3.959156864,4.337801075,5.580053664,4.624492552,3.409173836
3.528350025,4.790184774,6.092785914,5.977482864,4.525663405,5.018906803
4.793772565,5.853518781,4.419043742,6.350859433,5.778609314,6.795608028
4.633985612,4.095807502,6.372441243,4.868038402,4.659402578,6.413202434
6.485001819,5.738234706,6.401029361,5.06381397,3.355531859,6.413063922
3.564429603,3.043555234,3.058268624,4.393882075,4.346836826,5.576819471
5.42579398,5.556007452,4.394806234,5.164732188,6.466878,5.869071617
3.892856954,2.632229448,5.04472658,5.291604578,4.758961736,4.693703524
5.152936655,5.294647995,4.932255254,4.870225102,5.359940725,3.264696541
6.497482125,6.150180799,4.775838301,6.103236949,4.463446826,4.415091124
3.086298588,6.947431572,4.822742287,4.282432715,5.062693211,4.995579378
6.79447507,4.178411457,4.289974941,5.979045264,4.242253078,5.70773309
4.135075498,3.848831795,3.888360077,4.917074575,2.908027956,4.425096342
3.505796384,4.635885021,4.302654893,2.981096194,6.795301464,4.944213993
3.490218021,7.208108857,4.158210538,4.652086015,4.977200757,4.21280903
3.222985458,3.813356321,5.342224539,4.41514532,5.257403428,3.630117479
6.120709091,5.29627938,5.478377164,5.238713274,4.576765754,4.479365494
5.380678634,4.230219315,5.538922043,4.822867993,4.318728639,4.604241005
4.720336851,4.931928511,6.952644311,5.105620456,6.090675116,4.797108068
4.443752682,5.423700844,3.763109743,4.831514338,6.893512597,4.87941313
5.442567798,5.267032428,4.860193643,7.465117135,3.443623241,5.797406336
5.55728144,7.073726374,5.282878869,4.721621354,5.702760592,5.61674115
3.434847949,5.755321158,5.272099987,4.524097302,6.632082864,4.718843428
NA,4.206071433,6.400330781,6.052051052,6.48978,5.910565141
6.13692623,5.475618679,5.619349429,5.484440681,6.016704531,4.46836152
6.184548115,3.577102815,5.757802613,4.842100408,5.305490082,3.494453587
4.581964411,5.726907209,4.389423397,NA,5.282800069,3.97977838
4.263618442,4.945166851,4.561148945,5.177561678,5.858371282,4.942079346
4.66737517,6.658079749,6.674470127,5.306684119,5.911801237,5.488828365
4.849059357,5.149672189,5.045936254,4.66661382,4.160397273,3.522084681
5.303471923,5.745293107,3.688860774,4.581371337,5.827841415,4.009924637
3.196717173,5.077446454,4.680601317,3.641676182,4.314525277,5.548221978
4.689959267,3.394207346,4.640697868,5.416104517,4.617369698,5.792643007
5.395420835,5.692814058,4.485421593,4.596393451,5.134330747,5.891708333
5.854168046,5.791010533,5.259522691,5.270448115,3.254421717,7.099577336
4.428430843,5.184095451,4.618800479,5.023695182,3.717699857,4.216746169
4.950962102,4.106692476,5.489680408,5.958904124,5.776309333,5.596580005
5.035089077,6.138322177,5.04727132,5.639863143,5.526587638,3.148347654
6.390538175,3.847703132,5.424668647,5.252962819,7.636974655,4.928541028
4.817897555,6.096212977,4.263161787,4.247992138,5.646698064,6.035070811
4.508824507,4.932362723,3.567887756,4.571635517,6.04866951,2.441587032
5.973918578,4.510242788,3.551093042,4.825370471,7.005456895,5.275225357
6.368642464,5.753609391,4.468417576,6.02183472,4.188633239,5.181630777
5.420566554,6.317579696,4.345171991,7.058001991,4.160433512,4.017902204
2.805346232,6.282449897,4.244154864,5.868551712,4.940657317,4.309637458
4.536684044,4.583050508,5.808220615,4.644639277,1.737110776,5.048525698
4.983111564,5.070682942,4.075245172,4.88726712,5.046274096,2.198302369
5.182031354,6.216178183,3.840530576,3.7213501,6.905223488,6.928216764
NA,4.793760172,4.780582508,5.901945302,5.80607405,3.975074476
5.783666036,4.83719297,4.450572836,6.627023756,5.304309136,5.053528959
5.991220798,5.566434862,3.631544557,4.964414965,6.411518709,3.578477172
5.185218446,5.086761474,5.490789891,5.575661353,3.408099958,4.771459433
4.424922114,4.934307166,5.689074798,5.468130047,6.402317,5.268099265
4.688057589,5.828696971,4.713443671,6.573183187,5.514500855,4.956775612
3.363118647,4.542722404,4.420505188,5.167891933,5.387259646,5.707741487
4.757217333,4.278485819,6.415507299,4.170377919,4.596757663,5.225639342
5.601305842,3.793502374,5.651207664,4.540459359,5.442085172,5.342328202
5.26917441,4.367533982,NA,5.58152055,6.089630156,6.367902626
5.600740223,4.900608917,6.726716399,6.27097911,5.449762557,5.616651002
5.44142783,4.187124581,4.76970043,5.272079761,5.402317,7.517411902
4.731988996,5.647363789,4.750504834,5.174716333,4.493644795,3.643538755
4.530955323,4.280152042,5.573868637,6.196161503,3.536265885,4.532389946
5.938791613,4.199479676,4.940658194,4.714627478,5.747336506,4.786493498
5.049270112,4.461609496,3.752642474,4.674819226,2.572821115,2.330305841
4.130268624,4.098019536,4.046524267,3.897867592,3.995728177,5.361741177
5.335008774,4.726028951,4.897653636,4.131023025,6.081624206,5.626512798
5.531718406,3.813366792,5.152034055,4.319585572,4.109414966,5.396731956
4.898537818,4.948630414,4.760101893,4.739200847,5.160782612,4.86514587
5.434961575,3.867885782,5.715939148,5.989356022,3.681438691,4.67007099
6.597551568,6.994766735,4.978373216,4.054157504,3.927179186,3.857459758
6.441445293,4.262099195,4.284094756,5.052807146,4.834471376,4.652132341
NA,4.981192669,3.758620369,4.81984509,4.485957459,3.554409338
5.036528933,4.292262464,2.439560887,4.331664168,4.152219979,4.418707721
5.169858977,4.867000265,4.969329514,4.816797868,5.246827232,5.265383302
4.436298539,4.776820784,5.37536608,3.571259453,5.205801281,5.622845639
5.634774796,6.308690008,5.827033754,4.424324865,5.187878035,5.235994551
4.892158722,4.943312299,4.721630828,3.739008772,3.8375035,5.784722632
5.214215921,4.8678698,3.415818548,5.879177569,6.545247552,5.156422588
3.513064946,5.839190371,4.773969591,4.897038698,5.482311237,4.976587658
5.299374582,5.623484382,5.774354011,5.200091082,5.433455347,5.161952606
3.622360835,4.117941552,4.783931692,4.315937414,3.336317445,4.087076241
5.809125625,6.263341205,7.062404907,6.301064728,4.446519727,6.166188414
5.992131549,6.814376409,6.220689687,5.903035975,4.915895309,5.311743659
5.949767553,5.788796722,5.150689321,5.246748664,4.691118953,4.799786443
5.187907542,5.236545577,NA,5.002972476,4.789310042,4.313861822
6.003697384,5.670007895,5.7462176,4.151009956,5.077791537,NA
6.609662066,5.068488877,5.181816962,4.567157168,6.80339398,4.560545441
5.907541154,6.565747726,4.158747981,5.821724352,6.14135775,4.202457837
4.899253539,3.405496258,4.744678951,3.354008166,4.533452821,6.06798263
5.555766724,5.125622869,4.723243345,4.136873443,5.09800819,5.220587179
3.750656872,5.22689393,5.536491664,5.319687777,5.207247683,6.032786432
6.099484453,5.227547133,7.277208399,5.389074382,5.001586565,5.959069661
5.877818897,5.909247468,6.130375775,4.483529902,4.003553823,5.348345867
4.302172405,5.437775439,3.768655031,5.427277812,4.468333225,3.336661926
5.555329911,5.578038951,4.986824933,4.136846849,5.304642772,5.82660234
4.365505035,5.859472107,5.425135745,5.047481872,4.638663134,3.376422756
6.695472017,6.035640461,5.746473445,4.67059129,4.332853867,5.32561128
5.514869453,5.345054277,6.504200966,5.036217814,4.347791337,3.063220576
3.53305659,3.23278209,3.610141756,4.458543017,5.208252928,4.482998595
4.13615098,6.99356069,3.942095997,4.215707559,5.512807382,4.836011121
6.344357183,4.866672223,5.273717836,5.612562026,5.112169464,6.523303088
4.128353239,5.121766917,4.475187812,4.659421464,5.245093054,4.217707277
3.571483677,2.636769777,4.10236342,3.880361749,6.582958855,4.70709066
4.585464063,6.703329405,5.915362023,5.167559362,4.763652103,5.976284845
5.78556628,5.820605877,4.516046895,5.744918599,5.539487929,5.174761984
5.962912128,5.286209943,5.521736828,6.628684887,3.823248597,5.205187047
3.786642239,3.582099696,5.431942108,4.261315797,5.579985441,4.589143889
6.393292429,4.084038076,4.374029285,6.390061937,5.718627052,4.971425573
5.268084388,3.738376412,3.867896042,6.499226023,7.239499744,4.516812568
5.891778824,5.943752676,5.926558873,4.989890673,4.938069292,5.072756259
4.686269422,5.726805483,4.575229429,5.665694304,5.390524909,5.198379556
4.085444406,4.686335554,4.8295238,4.960291668,5.5618783,3.985537698
4.8794157,5.638340045,6.817812398,4.95158527,3.519224354,4.541010332
4.65838956,3.872133345,3.017776398,3.594836157,5.340839572,4.53613992
6.018548068,7.877718784,5.207317554,5.12794023,6.316844786,5.275207175
5.468261961,6.200090111,7.045049446,5.999697184,4.051373858,4.11838933
4.040317936,6.096642129,4.359605373,5.386922513,5.57165913,6.477348415
3.424503332,4.321389251,4.76181835,4.017623914,2.846032575,3.02721901
