"E1","E2","E3","E4","E5","E6"
4.26714876153051,5.72543649219932,5.11855812653226,6.22408800562139,3.91873319570246,5.81760896499352
3.24392584508608,5.48643559040792,3.70294659850275,5.64088686444828,2.24191315751829,5.41468506415339
6.23647271819352,5.61006897101395,2.27036298697907,5.44236288102172,4.80161635203236,4.61646659557896
5.76605880620049,4.14744826024013,3.14310642872769,4.43160179666018,6.29433704013629,4.70376742582859
4.69642794992248,4.88213754803714,6.33790994991041,3.08792906629265,5.68462924888986,4.2514100154709
5.54024666026838,4.98086473612779,5.1049672004099,4.66874965489952,5.71753245582176,6.00586443624405
3.94813663973961,4.65570057702845,5.40249910069816,5.22041577509285,6.13223922647924,4.68750419388785
5.46876368121834,4.57986822998677,6.28647953264913,6.18565168999947,4.88250533429361,6.09600179057423
6.48501215614589,5.19837401069854,4.7948264323479,4.66997062442856,4.68518369314833,4.55611287292078
5.70104631733179,4.39861771474759,4.648364623519,3.74391739613191,3.97487138591743,5.02628703460833
6.31854678767541,3.72407576874773,4.90794394694318,5.1140048261809,5.84053975833244,6.17922759066504
3.89294705902177,5.54614197532034,5.59497571009264,4.54150940108567,4.48912152148853,3.78707124289373
5.82860530868999,4.97859783994186,6.3808466651168,4.8203971414562,4.90423409120372,3.3298345506944
5.75568281982842,5.55906835943851,6.66685630892441,4.30137792917483,6.13787122492512,5.39608100057857
4.37698975815108,4.09143359926894,6.69339613601935,6.04474954172905,4.37258508975463,6.33056243240645
4.604534726264,4.47642430516569,5.77554559936445,4.63379821783095,4.29240789060308,4.20467484253808
4.87839922350981,5.48834053968252,4.59792057633217,4.79820546166309,3.72333673124214,6.351899570882
5.77088830410633,4.82987672315527,5.95490890949268,3.99577065467964,3.50546616919502,NA
4.13981659226976,5.51013821165696,5.00207274187173,3.70609790927322,4.90364629138769,5.84059037616234
3.76928370183025,4.17665470234499,4.84677228517349,5.92454504762863,3.54986574072835,3.77082938188735
5.89407826451423,5.4154244261561,6.02698837055179,4.63372734287999,2.86903976773052,6.20777505555214
4.02749245167316,3.84465002209247,5.0415552039328,5.04052642459333,4.46130897286628,6.92347032608836
4.54258596586221,5.30628589950045,3.96384827085673,6.8133795472603,6.268798899955,5.55409552604747
4.45914014798887,3.88266473480538,5.60105016901689,4.6794160723743,4.65705046188083,4.66442993021831
4.90375635856511,NA,6.35471084821657,4.99879960014636,4.41113086806992,5.09955050515503
6.03017374251715,3.6794769305912,6.6108084222787,4.22378356616039,6.78568582312637,4.74242243201742
5.18676983866933,4.50738895088961,6.91862057196518,5.11790979469687,3.67347410889929,5.95890118546481
5.33856350913603,3.34545567845934,4.66428124695665,3.73931424166811,5.65221715459735,5.55992433085558
3.26879299632406,5.55666929429797,3.94039616409832,3.80856457467998,5.06645789253245,2.79745767822616
4.41972145256488,5.77008391602122,3.17133298449209,4.90450354279379,7.05374431483039,4.4205480626487
5.20988214004257,4.47307548075227,6.16752727945157,5.55931462829083,5.2985208913669,5.62481224136227
4.15073206906249,4.45691135484586,5.51360837279267,5.47532390491051,4.41504792911686,4.94100082230927
5.13418306136153,6.68217503510459,5.95668379550196,5.54611460494483,3.7920085024047,4.51940829923859
2.70447610979468,5.0614056141052,4.85738566214457,4.67341827575683,4.30114457642999,4.8010208509631
4.13982767373627,5.73265994885977,5.23294814883931,5.17869582863474,4.80598830788947,5.3663962401435
5.24369369434211,6.34116239445215,3.56201605817432,6.12213005679289,5.75411031955563,4.63224109432712
4.71858974253692,4.44470465647539,4.67448313698503,5.46805408092222,3.17627457863333,4.61495588572984
6.40110060058907,5.56738745058515,3.73458661204334,5.44352709086569,5.53697204951075,4.3518329233021
6.0282482095956,3.92903174218112,4.10304805702794,3.51976391445558,4.79169373153826,4.31199061676572
NA,5.54168550192123,4.42623118977349,3.52190830427134,5.24745813878473,5.1573821385821
5.3696065898413,6.07108183269116,3.92793950040922,2.68070308150909,4.00070509718327,3.50303722632487
3.50416524725414,5.31292610065888,7.34282361611294,5.59146743837702,6.10303273725372,4.40142444902562
5.69821113647777,5.08755678453424,NA,4.59695680830651,3.17607620507195,4.75143985701381
5.2616950669141,5.35331489523918,6.43367356487151,6.09819321345902,5.17465146346745,4.73417284334836
5.10841605651178,6.71289799976415,5.87565179277686,6.53973982586795,5.15139351531459,4.91061862397224
NA,7.81681436057905,5.19944732136798,5.30514804042657,1.31981023622275,5.61304176780441
5.34746030190035,4.93566863062266,5.1448399838645,3.39719401427668,6.79870654008156,5.13691181535056
4.11465429751852,4.95733191853358,4.75668861964209,3.09877782196595,4.04119388023914,4.1304543022908
3.882830121226,2.99749603509329,4.05892578224358,NA,5.36111404402214,5.52054002114511
4.35464885979749,5.41208765877822,4.68803572580472,6.96604202189039,5.41285846760459,5.16883177582117
4.47155253890705,5.39494970907003,4.2426742948242,6.09185525293782,5.14427983606588,5.49778144094919
3.67682836517857,4.12937858459001,5.17231656524027,3.07020361204191,4.68978551292877,5.85892380506206
4.0732998072869,5.57483864342768,NA,6.08945855880099,5.15013919516963,4.50745599356807
2.71365451136015,5.3932043220395,3.05380208244478,7.60137326957703,5.68669279018547,5.78944036117293
5.48983888947227,5.44667108034876,4.68474947361958,4.5794564469777,3.50633404618072,4.43269192527229
6.11915555914353,5.17197519243927,5.94478997111852,6.54804447991493,5.62222322519921,5.45036242302425
5.20267201719692,5.4365706941389,4.44632870736544,4.54490401491962,4.3965993783584,4.10431354609584
4.41089059570819,5.47235666323883,7.37016878609705,5.45726194239543,6.16209663755838,4.56654054993682
5.93761793170437,6.2430983314397,4.12323302886514,6.38254738569644,3.29104015139184,3.3862163705382
6.21760515222245,2.78318578824462,5.423105058488,4.3815644018321,5.98068136464136,4.29523527907653
6.6312485019644,3.59417035377673,5.37300344934519,5.46755755685501,6.18190324099367,3.28347053508688
4.26020029444161,4.73492931431937,6.5140076692484,3.40494882149978,4.02795838783897,4.49147438343048
4.65750572322438,4.50927535222765,4.6554821249619,5.1261237782853,5.05172707009763,4.78542883481116
6.30000286547507,3.9702170991219,4.86143151411486,NA,7.5495631070271,5.48770710394333
5.45190753566273,3.33136267492224,5.06250854791366,3.91651851091111,4.87000770661349,6.28427224280893
4.66366272898874,3.41345334254176,3.46617034751117,3.98281762050786,6.85354031298035,4.67064997422966
4.96960002285821,6.20299316415306,4.51585766064926,5.91974350054465,5.43362049889859,4.71341721527238
2.55250699708248,4.20970130270708,5.30940843868047,4.53134460249393,5.78187188358751,5.25833790371182
5.50320899912186,5.88347551834388,5.04489622030627,3.08348395651389,5.70114271764569,5.80420565066436
3.7606398201448,4.77416143911332,4.3945299205686,4.91374811283631,5.8697026649815,5.37440459783587
3.48230055314413,6.82660994697261,6.23749462194823,4.61704985740941,4.8187093373183,3.89029409050335
7.12282196988283,7.05961256809315,5.54564858506182,5.87623361524329,5.24651507223755,3.91446120152548
5.04395029419772,5.35170590769062,5.24148558110268,5.04582860773325,6.0140483768689,5.37823255846595
3.60874409520966,2.44546817674703,4.45526070365204,4.91997582892832,4.84234081904022,6.70233977512313
6.09727372629479,5.35748888761544,5.84610383015274,3.56806833348893,6.25773549329107,4.13594518938992
2.99368909599733,4.39335564489022,4.98283364179362,5.87867829772438,2.80154286986593,5.3554938225049
6.23384640303147,5.39539556143294,5.11697356334462,5.34285424464064,3.95717233848091,4.9588792482954
6.87927653128283,6.16063571446328,4.49260239983977,4.04588352777096,6.25541000001387,5.17050663921723
3.91140165072902,4.55275669945691,4.06202822405974,5.78112198584905,4.04714757508541,5.23143598733376
5.06378822345531,5.79566587010808,5.05550398852227,4.92949134077477,5.80780908021224,5.22883151238861
4.77587750499456,3.65828112902413,4.66969473309686,4.86486724334565,5.58608384714493,4.75494030972925
5.94713342017512,4.44073466418,3.64716835131311,5.73484542018488,5.02518702697395,5.16424429407364
3.69001698708841,3.43581160526494,4.1897706624679,6.02863330900743,5.12308863051136,5.37532663935124
6.12879377689653,4.4300954938625,4.55062669428441,4.47560605716692,5.96695408232156,4.77407992960912
6.66017425316887,6.6645225848002,5.40456234127047,7.41409805958311,5.04449990411835,5.0158576712938
4.42889803688678,7.05336837652933,6.37142898923409,3.78570714303339,6.14084276798983,4.6478558880675
4.80240024961604,6.5746436049606,6.40281144866551,5.73563126471381,4.73427636373279,4.48581230241669
6.31733593911575,5.28929435392388,3.37342153288941,6.52936222463972,5.73187881505095,4.25175036196902
4.72096487582543,4.05447574896852,5.95197284947638,2.79649130567614,6.72432520288698,6.48279878778948
5.42604874241196,3.82892898965429,4.19002532027489,4.10854957560286,5.14852975044731,4.2364438395054
2.47085602021333,3.31543072291616,5.86009361782691,5.00703178349532,7.37598844331418,5.22520199105488
5.25200128589991,4.99993820160838,5.03567632489329,5.03757089879933,5.83100285545257,6.48874459888254
4.65907573840003,2.5633661848415,4.74325888311122,4.01185505786907,6.16983903541945,6.01179379600875
5.38436748391308,5.08314594907975,4.06671086230853,4.74175118051819,5.70489697735446,4.76023004276791
4.62403575444651,5.42257243541695,4.59774521147477,4.71944298003749,3.42832599169022,7.18887457561813
3.75481611711445,4.95638564412183,4.85054495450949,4.51792199858843,6.28573459847071,4.5649952714156
3.43134344273862,4.14292660845306,6.51403557370057,5.69255997476336,5.86984485201314,3.53980564583127
4.18030080093822,5.91934844934682,6.78227866656809,5.33156438782503,4.61870670621446,4.74594051497161
4.69400666244016,4.29533802139287,5.69827235365855,4.59034032998409,6.0579133801495,7.26683958108804
4.2836585713301,6.33629418250313,4.63258369593596,6.34621870608198,4.04495850163255,3.32469591272727
4.84104155292373,4.68912695391731,4.12408172878471,4.63626059402519,4.1252607248493,5.24832411614843
4.39647524243814,3.97436329517049,5.77108462495121,6.26418322365812,4.71981846724561,4.8149804291528
7.33219766806745,6.52164442330771,3.17388528530279,4.24629170442245,3.18483241364162,5.61206932937048
6.03276854216121,5.09040913310537,5.48144390726412,5.26538978928672,5.77343742040505,5.59227474233307
5.5024678872511,7.10148227177547,6.32650955066635,4.60612376656143,6.34604652110364,5.62761376800771
5.26540939453121,5.90892680600347,4.010094747214,5.33528550241002,3.23281236396565,6.5835844239888
5.11443489675832,4.85722259627116,4.10659364052759,5.04988326543578,7.54478686497068,4.60376609001384
6.25124970581506,4.5071682803634,3.23600576296787,5.9478996589738,3.94091811593837,7.42365683782861
5.18594367075137,5.57493510864844,4.70990884139369,5.38450006387898,4.82857494067162,5.94023167747816
3.49562572643295,4.77339959668653,6.38559863335968,5.53080240340727,6.09931335768805,5.08109765867147
5.22197157885093,5.85888901228518,5.7721133636168,5.87468726844343,4.86776444935322,5.42383190925996
4.98264014916671,4.92615086496705,6.29443565759893,6.29559491740018,5.22210749996858,4.30968047695856
5.44091796700552,4.74350151362652,4.46748714277661,5.7454813168996,4.09068850713488,6.46873934161249
6.51423641737034,3.9150397035903,7.21485400038918,5.70352873760874,4.85834612121205,4.99673535580816
4.76854334740048,6.47226260214718,4.47371446826597,4.44190313749764,4.13868381736073,3.81265698450535
3.62121183917792,5.68651843865883,4.91807216885824,6.44421833598625,5.09978072096862,4.37495452391612
6.4339480905891,4.51285086106588,6.50212673079413,3.84959247311477,6.44629719227608,6.03864130181431
5.62501062038231,3.65577628905437,5.43159962441479,5.46587738321037,6.18531966978914,4.30181938326853
3.88227625214674,4.82323263495074,4.8004101945848,5.82030268260057,4.47804742703128,5.50476890838278
5.26359618217332,5.2820618301184,4.02796450601759,6.96967855920456,6.71805929178845,4.35072432694923
5.51753655866647,5.10484065990849,6.04921764306399,5.10990081996176,5.23761818474663,4.14559750399376
5.72666455575887,4.81972890432095,3.19297281327094,5.45022343815235,7.10722125089568,4.72508494407665
5.26854743662708,4.33226863312542,4.47346689057815,3.75057342286755,4.02067571075178,5.28275521046174
4.43105339869035,3.47285664894987,2.86094195873467,6.24148370851146,3.77714341627166,4.98190408193051
4.96333367819514,6.52727044533541,5.53037474475257,4.70901737354175,5.63130692480991,5.00503679738382
5.0942131244389,4.23452012128116,4.88591447307989,6.50534648710863,5.15107410560869,4.23963088444349
5.8104359064483,6.4323028953568,6.76944268329807,5.47761087225502,4.95261298458001,4.79043329378666
7.69012375846547,5.19758866599889,3.45585006830533,4.19907496865845,5.16249694956942,5.57168943395487
6.11609274837632,4.45974718374597,3.38043106502508,5.16534308594379,5.67894663333915,5.14291274134503
4.73856799904587,5.32884130609593,4.74371201732858,5.38544197245766,5.33656378113119,6.06432671779533
6.61222212708937,5.01030414992598,3.72371091836145,4.68830263992347,5.238799617299,4.82575136502338
4.55304552590628,4.94512052560706,4.97176541515131,4.86420832011854,3.61234177680998,5.57123449849038
3.44934038820112,3.38504819264197,4.30622441283521,4.55164438771085,6.89953883504357,4.5051994767688
5.19798328299958,6.01553430727648,5.80830882656528,5.03566473537465,5.39956416800923,4.85640253637425
5.07237472452363,4.5336760800732,5.35931213163264,2.47300946137326,4.67074003869525,4.4985130939302
3.60111681018533,5.51091243637569,4.71720954122633,5.19015690884256,4.25386408697901,5.64380182042947
5.0352303006749,4.48739084475608,4.5167479448951,4.40464103288057,4.54864380690481,3.06956671946642
5.75067422328606,4.2766871818155,4.5506407594445,4.40185472695211,3.95366725141109,5.12551711090191
6.35157482188232,4.79216530247352,4.08873724081958,6.09006980116892,4.37596537713345,5.29396016181274
6.42618993027194,5.51603142391207,3.11399033743853,5.90125884265335,4.45301084873655,5.82589686737723
4.67159580413573,5.50535404779429,5.28196371524158,5.54659182898579,3.37752672792682,5.13310477826517
NA,4.93063063380516,6.7980773791553,4.07508905732752,5.55529802113082,3.31716805127851
7.36030927111224,4.18979381890492,6.25190674173111,3.05394913089019,5.49215055459993,4.81489764845233
3.91384028713197,5.70812610271356,4.11267204225198,4.8831599200822,4.18689674225191,4.74574632533725
3.54033017877399,5.43606105230698,3.60145489705837,4.99323558020247,7.11796140942767,5.32714825558981
3.88012214223608,5.17331576635887,5.05971246826605,6.24512868502776,3.72938707094035,7.55579814419737
4.22131505253843,6.45449315284012,4.44340746207394,5.65176787039113,4.96812702117667,4.94958765394891
4.35397585148394,6.48292848382294,3.6469731341941,4.33313359640282,3.798412466391,6.03627308023042
5.72479361783867,5.96609403280313,5.22518024998169,4.92185976463271,6.093377415802,7.43625766294474
4.27241384412738,6.78147903632826,4.89811292787666,5.56795797088482,5.41483847083945,5.51905917860276
4.98993313553497,5.25477583878567,4.49632154945199,4.409148322555,4.84353388171262,4.54473261348399
5.66233699885703,5.13983830199805,4.6080850457872,NA,3.27082873092851,2.70271201034128
5.26463915594294,5.48696677877624,3.8110144862541,6.66881106347483,5.81252577782559,6.050049285499
5.18981445073894,6.00786991747651,4.27539602825547,3.55257541561043,5.8379182773436,3.88587526375748
5.25440133018328,1.95274198528487,4.35434099952862,5.00087543856622,5.55355666394834,4.99690824153973
4.92825707820046,5.62938770603038,2.55222308085226,5.54408577396139,6.71236301150472,5.00733831889882
5.55507112144116,4.24559345410727,5.15938626163029,4.27369949366799,6.94725407510247,6.32571640440051
4.90326727788601,5.29870389490545,2.60971862161968,4.78652216488647,6.89964433066798,3.71212511478605
3.89554685988165,3.5263267734966,6.38301288004133,4.34903614243492,5.50874820841067,4.04625046603804
5.05003096701222,2.9615752186691,4.16372481566292,5.65799453544266,6.03793897433522,4.88159817636293
4.15566844965524,4.4251461896228,4.3553425571081,3.54331862868505,2.90180476103324,4.59042809023568
5.4593848221466,5.9588415316346,4.08975493629669,5.74488373107002,4.06678156303748,6.11954644151809
7.2516307948305,5.37237649279608,4.57032804393698,6.97825979887201,5.73694235175498,5.79417392638304
5.04497890855069,3.69527458454362,3.8600904425843,6.49930802212886,4.27531380835496,4.90320559599004
3.93285931986933,6.67736801090232,4.392691293959,5.7126604102188,3.75914128721624,4.64460497421173
5.31245841101034,4.86765786455734,4.12626394131537,4.50808618695208,4.30545936238494,5.68900889145375
4.41650278555436,5.41071897530001,5.39108736257209,6.79492425725959,5.82168330633965,4.70637928255037
3.62724737595624,NA,NA,5.64502649361612,NA,3.39434236461446
4.39863245723499,4.45841505162959,5.16503045626084,7.03721036561924,5.41652182608646,3.06856772240726
NA,5.04849816101813,6.06324456653039,7.94006449992398,4.72586313666255,5.27450188997387
5.03401957277519,3.27662182494354,5.23223204496774,5.97808652316232,5.82354938760181,5.56416412984397
5.4316060979726,5.51992135494507,NA,3.99542099999038,4.54792668682527,7.14745879066954
4.84419107049731,3.36154717750036,4.31622760234777,6.46431499181848,4.82762426345558,4.71105909007262
5.11383091398749,5.48338618814581,3.99906776267991,5.9859246448272,NA,3.59678648531992
6.09153699184721,6.17041860591613,2.93065965997472,4.86754095809174,5.70114653731411,5.650797684405
4.52085692931391,3.16596402265048,4.96261767671447,4.59457224755165,4.65460795769169,4.68195508563546
4.46083696048137,5.41203423433696,5.48421365129159,5.64218121343109,5.06255483337963,4.89275065831887
3.32783645144789,2.67579781223843,5.79142727662553,4.49626661315009,4.8784551860394,4.890516686129
4.96221337111708,4.99530132042269,5.72818698676891,6.51795962488193,4.7893344701519,4.87577403160536
4.27464742781159,5.20686483342452,5.63706651626403,5.6580623564055,4.39674741435914,4.89568979063649
5.48916929230463,NA,5.92693629942562,5.85809075031913,6.05130057823223,3.66631613446605
3.78092120986163,5.25101723155951,4.19128702095781,5.45242617566391,4.60741280901655,3.43022610392773
5.0311242312684,6.03943268039776,4.08371468014691,3.95635820170669,7.09150275708585,5.5434548948793
5.0588429119685,4.99194634320256,6.3044564362554,6.52404016533581,5.26453728958705,5.70385880315395
4.87471427106006,5.88494931058387,4.81584059121324,3.21740987088737,6.34243177959507,3.8755964807159
5.7651157382866,4.72282979482861,4.75504200688991,6.24440785899499,4.37905940013414,5.59508963772159
4.53061168015451,6.19748153661798,5.54829189583239,4.25787623292357,6.08087190110311,5.61001301977755
4.256957492627,4.58790032137183,4.67051274477772,5.43739898543992,5.40193269304803,2.7022345626022
4.8392598770943,2.93550666417664,5.37987303759353,5.71492637629578,4.19587914511834,6.66508785480729
4.59386412622192,5.85572722173174,5.03850335593989,3.9355998748743,6.16210288155799,6.07025675142182
3.90490246372501,5.11585278884845,4.97739911888491,3.75144724818467,6.0631025947656,6.1347865578092
5.51642589861708,5.30094393409874,5.80831165114698,6.61908093943705,6.37678957188051,7.83558616218686
3.98340082487679,4.21049266993266,6.50537663567863,5.72404470281646,6.90786331757303,5.94948568958443
4.18948022770917,5.6042420381327,4.34135915121215,4.83702266462799,3.96023600613424,6.1453467923994
5.29973601979306,4.65586275276565,2.65610394866311,6.16876344482811,NA,4.68507492729141
5.72887571612459,5.15416425020456,5.22901424159575,4.81134128364218,6.12818096683475,4.52104207053701
3.91814794226783,5.68456020347484,5.7669738692576,3.54684276159006,4.48442778142341,5.79600472356283
4.27461150731218,2.85356108889498,3.91719803987213,6.4239518646869,5.62426590079811,4.64318638272936
6.2302297926383,3.90934634557269,5.96706520186658,3.71258231965949,7.80404115459487,4.134772460446
5.42284646460325,4.38122616109592,3.95875970889053,6.6238370870452,5.98810477027183,6.05896641577663
4.0583553032345,6.09985356917991,5.47576746703257,4.93307209762849,4.95246343779146,4.69319327441541
4.06980798966365,6.42269060302121,5.59217393435045,6.24029153239139,5.48590685409815,5.91767516020595
3.50518279305228,3.83420977033255,6.09314617674474,4.86185792872622,5.34362436119247,3.85334888151276
4.1717680526123,6.47415253490038,7.22013676254849,2.72519635489927,4.22126969857351,5.94593021926538
4.92735559338493,4.93976166080208,6.3385829818491,5.06193376201541,4.74450315207986,6.4967226100204
NA,5.75973229490079,6.09728283001896,6.45802816346609,4.88603653263806,3.5855692874929
4.2291393084788,5.6358971851529,6.44424762867467,4.28977621323924,4.75987880320859,6.34125337408268
5.51464775989767,5.01490332609038,4.87450357117651,4.39086326334911,4.92760148864094,5.41866935952444
3.79931874722377,3.14360778101989,6.51315002425997,3.36474566696168,3.99343145019521,4.17524269583155
4.57878483628286,5.22249605721726,6.61476218318743,3.93942003185137,2.09895813192174,4.59999300547343
6.51478242441994,6.54211310301914,3.88795901815954,4.77427022511839,5.26291807633503,5.60110205672402
4.62658680609202,3.21468761719429,4.37138429878994,5.09549703003435,4.90808949578142,3.78530526111851
5.89085603228787,4.46309562595083,4.02060582722132,2.4644143026031,4.33326241226127,4.70875461095885
4.38277322480531,5.81735701413913,5.95801947734784,2.86607392975968,5.30644287528783,5.01091548009704
4.53387015903894,4.03675822935381,4.71835021209194,6.07361959416382,5.76683733931805,6.31030429848871
5.31557096503635,4.14149372656871,4.46981928274772,6.54417803995273,4.60153718129914,3.01265160453094
4.43613675023458,5.23300563592734,5.73530934515169,4.15789084070993,6.17510582368833,5.14595201038749
4.94038546350725,NA,6.52681274137746,5.23340394666442,4.63081725098342,5.99705591893722
3.2452901814363,5.19821979586776,3.93939245692282,5.50231602159377,6.23637530637677,4.01693421102457
4.72258900387161,5.17638808425452,5.01244367442464,5.77300813816201,6.49031443411805,4.79640482967384
5.09520033643823,4.36112336538566,5.33252094937732,5.92908119698456,4.32088630749844,4.33892589371403
6.94117831303234,4.22379141774261,4.93765624095713,5.37852586629118,5.29670220985264,5.61880775761392
4.59672925869193,6.94550902036466,6.36881736536714,6.70805818065301,6.66859844297479,5.35061330328665
3.79489673249143,5.33189640906121,4.51337690361823,4.50278125554413,3.17801456763058,NA
4.63940249632423,4.15938696100719,5.3657056167109,4.25660447118893,5.77561947753092,6.65145567679037
4.92260159162031,4.01451425334199,4.64743409119743,4.13719759592551,3.97725284058581,5.47488066846843
7.09217856165024,3.96323280897986,3.76515262046011,5.54173510302073,4.78951900632867,5.95584464046673
6.55204061470702,5.66390344466452,5.29296739160973,5.40235897797181,6.40178629727137,4.39244376185778
5.68641289522749,3.93040533398735,4.09687825959757,6.04194370157991,5.66472477094839,5.39185921939983
5.08973198311293,6.01920996092361,5.47358022409309,5.88944194193777,6.18291230276517,5.9451715500116
5.86338148111763,3.69961962153967,6.0178310117968,6.95645835109722,4.19793809938136,4.49959885428333
5.63784122103561,4.0506037635729,4.7796469644435,4.2357732154621,6.49338586465369,4.07002324721177
5.22738399523134,5.88739208017026,6.27328223940032,2.70925082064689,5.31366909277403,4.71072309787861
5.91769490764972,4.25212756337816,4.86555777819342,5.17472222063534,6.4102858102333,3.20749839750859
6.14872416983684,5.57958491245078,4.34621625095795,4.06233413798497,4.87169115248462,3.95695676159155
5.63779483566077,4.91226746807695,5.54855698774926,3.30334796393979,3.67725073090214,5.66640820327422
2.302511592533,4.25990711169178,5.74438180847701,5.89682589251218,6.09503249070973,5.63565673813765
5.13227242582021,5.42171710323572,4.96473831612022,3.58839915139704,6.68600312247848,5.16572888587243
5.24093208221505,4.10536029629041,NA,4.8965550483161,5.98334656122309,5.73865110321376
4.44560360552777,5.12582651649214,6.55752805096307,2.96721037518725,4.89232131314803,5.48438320429669
4.33279374070076,4.33771397763657,3.81502117351867,NA,5.14412340523633,5.40627516406146
5.66225886679386,5.60856031962995,NA,4.00012572161554,4.60248320460237,4.08195602217573
4.59528763182606,5.4478750357108,4.19524556689467,4.83344410888295,5.58786830162767,3.10201927390725
6.61334444793213,6.12774590789706,4.77152655504483,6.0578968864313,4.71841822304739,5.53051434060829
5.27028306289527,3.38443835052629,2.95828392509511,4.7712121229397,4.55008369492857,6.81098891216393
4.83821285593554,3.17648569559873,5.17141348456951,4.26924182052083,5.42854572975277,5.67242959271445
4.5790942708962,4.0260983316821,5.85121705381507,5.92997015584066,5.93049078213513,3.46744566696514
4.62497904452508,6.05095118948451,5.60512030353106,5.56938718236942,1.92234337249156,4.2227573225751
4.9925559958372,4.55872333084049,6.57784991409406,4.10903238930106,3.53198441239552,3.45496387148701
2.99584748896422,5.01402178843633,2.07591065992316,4.68391320171348,4.48782660535877,6.4377066728626
5.46812212596477,3.68105713112119,4.24541885648185,NA,4.14541528376717,3.52106182586664
6.96728245056012,4.78659376603894,5.65069592842216,4.70743179357188,4.384333409186,5.8489528672276
5.80738620226009,3.65487102451825,5.81433530645053,5.0706268066091,6.23196259360141,4.41081592212078
4.86688179102201,5.42041242136278,5.20750813728379,4.59981189376129,4.93253753145207,4.97044333326861
5.53775207817982,4.98893634409696,4.75561601539118,6.53465473293532,6.32949069832568,5.90184571914506
4.91697286781835,5.53200352828506,5.88650190117973,3.82816789942747,5.6769871484677,4.9682831815619
3.67051602001475,7.0335690048105,6.16648767831758,4.01471248854806,6.18699869734353,6.11023942059868
5.46369210968778,5.64079524923613,4.85990689808547,4.01247013591755,3.58895245883114,3.57676672451988
4.88407684781222,4.8876109244329,5.4873005736297,5.35709641096731,5.09006183290413,4.06106496787645
5.96912962201819,4.32701064616733,5.17764313688869,6.34089746944384,4.57365807517623,3.34072604326797
3.74691109277526,5.50453005140252,4.50721494486201,5.68842178432388,6.24887565107225,6.26486044804845
7.61460775144945,4.49261529546146,4.73133750858523,6.95115083683182,4.80308598257321,4.64940209012141
5.17338404150981,5.2160793977087,4.4688796338879,5.13073653723515,3.73194326490867,5.93488426229843
4.4164346243527,4.27377204564575,4.3510150995591,5.31553114342507,4.6846795896584,5.37857241929929
4.02855982147487,5.42119758437424,4.95924431422784,4.61914944195975,5.65056270689404,4.40958350428736
5.13460234204196,3.59686117663294,3.70443374548056,3.93260927933413,5.01736285048257,6.37584406003135
5.13620831761029,5.75237061377283,5.94849165136776,3.97889126973783,4.83595473543863,3.92520100177492
6.29245425119856,6.15814592111994,5.53751210211531,4.29054968414597,5.86042818431639,3.56119044704187
2.68181697601328,2.84720890061908,3.4953792672175,NA,4.43254413199446,5.47532368953841
4.69198355964517,4.99847368009763,5.13844227364314,5.44060955548377,5.13393908715264,5.1079235568956
5.8889199278399,4.13238902466746,4.92072281343211,3.66958188121499,4.81766199700298,NA
4.67248689667491,3.53028087251868,5.26206878377063,4.92355605201841,4.65829800976551,4.66221333521775
6.76439965898912,4.4105388851519,6.5087368115233,7.23489316331776,4.0552414761822,5.83189552326793
5.05682827969184,4.35189125970905,3.643903920806,5.56419754394916,4.62451541277717,3.83535235100285
5.50571787663111,4.21058750559455,5.21918906310186,5.22649221120458,NA,6.46434689405466
5.93200771151463,4.70745462022495,5.45832157827468,4.00477854525776,5.69466058885355,5.7120360557932
4.63651419084841,5.34182676268171,3.05780236211075,5.40900913095724,5.77121135145937,7.12092166507551
3.68004638114103,4.87058454387581,5.12454920462569,6.0443874344077,5.13958329363132,6.85811604071962
3.39790739799944,NA,6.00111815991205,4.11170296151435,6.24495278529355,4.37387402867347
5.3802680922746,5.49703072186354,5.35603387694414,4.06468054149867,5.42373357071047,5.77490841255232
6.68535154199031,4.64749510554287,4.87689924852858,4.10166073873969,5.49086303072389,5.5648610431859
5.98052210841886,5.55228761361332,3.55101871182244,4.20131866502599,3.8240085592692,5.14978235561548
4.72297337872134,5.34995525872354,5.29903150419692,5.08798109036379,4.81972611332731,3.462381039957
5.0595957545648,4.39678957093558,5.18052303304645,5.2052932615595,4.57075434458267,6.2216165920896
4.38477325160575,3.44685188873475,5.92512790281327,5.24168999921681,3.4108914869484,6.0661664070885
4.75910556822155,3.99907185014645,5.53547865748594,6.85258778303829,4.0196906737284,2.98173583656349
5.77031442061199,6.282821933792,5.16854421086877,5.39276411525514,7.89208058532204,7.20826386928819
3.59777670921715,4.49382228146996,7.07323138528825,4.53769229862976,4.91018856124411,6.40970937337895
5.39145194452773,6.28768997314036,4.86473299379186,4.3840808807894,3.64131402014729,5.68370844831232
2.93296252169997,3.91013473043706,5.2291106801088,4.99169587847002,6.80670031458309,4.33141317188973
4.58768903722348,5.86481644963034,4.96334189960819,5.47006847050131,6.39673970537407,5.18402840002356
3.88894544169261,3.97374996960734,4.93046389575399,5.30191370559927,3.44352884686075,4.22204856322262
4.49467661778526,6.35745192738212,2.99421097056986,5.97166370023219,6.83575083238089,4.90607020891251
4.46163077217407,5.2166148028495,4.59488474969835,5.35213331177227,4.05635140425936,3.52866548394752
4.40352936764714,5.5846872648314,4.44891320522668,4.33472100179898,5.55685460853475,5.3653122385941
5.70002283517591,5.55630212041309,4.93430075564977,6.36563017018856,4.63930413077188,4.61738208217547
2.51576578859217,5.04103691396639,5.77228666048282,4.2728150065336,5.78405411648308,5.42889754598546
4.56361198258271,6.18604123029685,5.01012460367769,5.70200335407125,4.64003011311315,7.76842912751267
7.49726885381439,4.33610667274248,3.90078583080823,4.3641760517873,3.7206437183599,3.63292156475692
5.48190545888742,6.263459331674,2.4269251672619,5.75960283209641,4.93394947794973,6.63547602629561
3.60174642622116,5.30264635828098,4.74060501973127,4.54090383591876,3.71566147219712,4.82122481059988
5.79010291211364,4.4764785039286,4.55128849703008,5.19465829068194,NA,4.77704882240698
6.57233820091899,4.51214339370654,4.91825329615199,3.049755560433,6.66234702168889,6.21074205807681
3.3899047781561,5.25411509052892,4.44363791354928,4.9927094599797,5.06441396633262,6.06280110798779
3.44760779053042,4.66141877001858,4.77532464346942,3.94704300456273,5.99091515509194,4.98533782110341
5.21486255741979,5.73351342285196,5.13683470309024,4.70647686199241,4.98464294597726,3.85834580501931
4.09216977684394,3.42247295581542,5.69555659752154,6.36143606594211,NA,4.88525830085723
5.1386938199604,4.81149564996413,5.99567839277115,4.88387722952998,4.28008713006934,4.93354667914474
6.44073763285437,5.3158887714559,7.04715419326496,5.63019991303803,5.86745706456183,4.09971605151816
4.25584618486645,6.35892229669623,5.40693682118535,5.47996005184938,4.90603845167012,6.51808348833734
6.18908802417098,2.68548048142061,5.81148272012775,5.87828610264098,5.06609689623925,4.30815413634134
4.85143280226474,6.06317602586807,5.24983705216781,5.38732834680556,3.41884105686986,4.39672409956986
6.57018768073852,6.56817024385693,5.50881198577401,3.16250656717828,3.226114124195,3.99873627270533
2.78683680316898,5.15417156534217,5.79487596923115,4.79748325194612,5.18298303452594,4.72434042306272
4.69929964424359,5.4212714069978,4.70771587459729,7.21262216087771,6.6588968298207,3.27950977528766
4.31506764480771,5.2649064063444,3.90047670838137,3.70244590478353,5.20941371786599,6.52017061007753
4.39541008361778,4.57132364291158,NA,3.95816114824382,4.96218601231536,5.20288122969555
3.11778632686299,5.18186599435291,3.56776008606808,7.51862538078067,3.37631511646097,5.02953182535401
5.17265715214435,4.24601027133952,3.40963580872308,4.59543930225554,3.22533108929956,6.4476373377429
2.4587801185209,4.81996403229232,4.93410948727168,6.18861116222874,6.61429128850721,4.65889036379291
2.48308516932825,5.08471893649001,2.66108653536236,5.10015404155346,5.47049835529349,7.61904214473897
3.03624992359913,6.31408408361239,6.20994533178133,4.89800435470982,4.41407829187229,5.43939162708138
4.46945099606814,5.32031306933411,4.44513635820783,3.01634663589415,3.16056713445724,4.91160729427728
3.701884947737,5.46428254230147,2.84327438609679,5.58109790012156,6.11247773934183,3.95321891381094
5.34169730940382,4.31130085455422,5.39112784753607,7.40015817972592,5.2519453180662,5.42690446601555
4.56503607369002,4.5588488764207,3.35389492031137,6.55509934623159,4.0484594932728,4.55609683327307
4.91078192296497,3.22499068624756,3.77468901188823,5.53653730092114,5.39540187339278,4.30571398392904
5.55779083360886,4.83079613204422,4.05214400853202,4.24070744570165,3.33536582582347,5.02899129743151
3.80372303755854,5.95270507705577,5.06114992581948,2.50795527405381,5.66570489506017,5.85254029430181
3.56417102113822,4.08141077696344,6.36699666798725,6.59467041288982,6.10738703131686,3.90602457743146
5.2606727476739,4.68175408673361,4.72545374996659,5.46893783651366,5.40955162649226,5.63992090174475
5.77763700551704,4.69682382144476,4.29224709233803,4.34824773333122,4.00620323418176,5.85176865137606
7.27588430205902,5.42712370022027,5.43355283948896,5.56665625131367,4.76010205174303,5.61681563391375
NA,4.78934861607918,6.00730793412218,5.34547613251185,2.86725066649106,5.57828310631232
5.01295642390394,3.27265380348558,3.41018229996887,5.21026977187133,5.06552764006891,5.21498012515066
5.39903928841856,6.85439247471079,2.85344091070078,3.90428995509409,5.32229554175096,4.75291741577235
5.04582215534376,4.09546550068066,4.09780072249737,5.72502486527563,3.84168325603036,3.64315283943623
4.95780831203485,5.72174482491501,4.98835310881252,6.19780488375694,6.56939193054684,5.87676251637477
4.58690974906214,4.42136047883285,6.05183680954872,4.94007256778729,5.60061326399097,3.67131873326402
5.01943363523104,6.24862461933933,6.09986492626625,3.89858017345423,4.4740439485926,3.00700226730358
5.31507577581017,5.55370577930196,6.50134725942058,5.05390276508156,3.76266896907608,4.56772976103462
3.69611878749984,4.35058133922476,4.29694978022883,5.19087463540532,4.95196015170832,4.80340083975382
5.23810440715734,5.2295938616814,4.38246388628905,5.99728445922991,4.86605983433514,4.1289074122027
6.01718304255147,4.8454129323776,3.9679869781469,4.47947521486607,4.01238715722421,7.1931578468788
3.36394649541022,5.58038246692999,4.16002775763981,3.96925974966814,5.05737347102411,4.8888612529039
4.90480611207628,3.72257508852522,5.0974528785079,5.97700009432469,5.24749302692,5.4464954739369
4.55976673155208,NA,5.31391185609795,3.18472540524398,5.56695066874211,5.59760003330221
4.50190497239177,5.13419753617345,5.8710049335763,4.13574063957057,3.36394142494534,6.36360558980678
6.2565477440779,4.98850488774815,4.25515871930016,4.62833063277097,6.72003064637841,6.36845734612586
3.98623047612828,3.29367265991011,NA,3.67598645177579,4.78321196433645,4.90905871693419
4.64267996101675,4.66409051863014,3.95738301752137,3.95362484870791,6.33346286909643,4.68769034942886
5.27904393070007,6.57952213868822,5.44045790929083,4.70897408060479,4.16207747490641,6.61696376648365
3.64151168656279,3.84578610199286,5.01750002315269,5.54869253335043,4.55990479008474,4.84614383811219
4.90376198073034,2.62005837701695,5.2352760758402,4.64799746151297,5.23003132573749,5.37125750510014
5.20165247301566,3.04739706863183,5.44596062667312,6.23842552872725,4.65451862930703,5.29710573225463
5.28559718031486,5.79669650198688,3.12707469217596,2.99960143703466,5.41692069713812,4.23409737459953
4.01590100817361,6.16912338884613,4.74418742464064,5.31523755942171,5.06318419181754,5.36624867090091
4.63209201951841,4.45086802534924,4.55901312224729,4.29095207980215,3.94330113127842,4.37044075812623
4.34406861198631,5.37915512689426,3.94969846566596,4.82546802828789,5.32339668317684,4.10318958643877
5.69212732172316,5.07414985457063,4.29536659442816,5.99956746289688,5.47862467268749,5.30401209676747
4.62250719834416,6.27269854276202,5.30412840778905,5.47358152346606,5.87239720795966,6.39670916609159
6.85290363658515,3.77165656650964,4.92672751071214,3.99910526395926,5.0241902457355,6.02859034569899
5.86223057120773,4.96959226657147,4.98666701651414,5.80077795772836,4.18250539927265,4.45356904151783
4.02153680246373,3.16055587167729,4.48113227187471,4.62471563365163,5.03472928290018,4.12643008786637
6.88674775248833,4.2096429603848,5.67908364351671,4.26239588648619,5.26678609881596,5.11783909410686
4.63592021390886,3.65240609318034,5.37879470081883,6.12673347486911,5.09418720146429,5.03370928636853
5.42878795949,4.54422815271717,5.47764059274656,2.31636477434299,4.53800031291495,6.06109019801348
5.41506045233078,4.61602245807981,6.72138001883166,5.09039970628247,5.18379701150586,4.73883139681092
5.4147564966204,6.88948003064801,3.73553552196938,4.54723739952257,4.19936973719704,4.75209199440892
5.15066304157579,5.7105322309158,6.11484683554215,4.57226882568342,6.55730015106549,4.15400961908465
NA,5.33089305014389,6.05577097669757,5.38278089308056,5.93415111949271,5.2426558821478
5.92447507044947,4.29600347535447,4.79233830128274,6.07523634404411,4.51103716169847,7.57559518889282
4.35100875770739,5.40768344556839,4.32812138794296,4.73964866739831,5.79880936606726,4.35546477238524
5.31945583618437,6.40359434447073,4.88576973927408,5.99247152564369,4.16761555028428,5.83068322294974
NA,3.44230229289487,4.87746304244462,7.21595754791715,4.96135771740833,4.86209140822834
4.0056350484116,5.6924642070702,4.44446468183594,2.86228760648117,3.99372718122206,5.19604924798788
2.26410651551228,5.15283274632175,5.10040718060956,5.64616302987144,5.86520285718846,6.9486050375409
5.3690245411728,4.61747042699834,5.33342031461607,5.9547903495301,6.21757190349042,6.16933612229187
6.42539629552105,3.92173543658148,5.12384018875004,3.83567817673537,3.59510002502584,4.84919550339716
4.91509914027704,4.91777779865336,3.09389098281777,4.08302886878397,6.29941614109199,6.20848562702257
NA,5.18489468416027,4.96611112010333,5.60748082577087,4.0606681048733,5.53114954341035
5.27373009437588,5.91563179877817,5.21496889782259,4.11887548590761,5.41113895019508,6.17598725269005
5.49754860159145,4.20569569887435,6.44357591521925,3.46060860101071,5.05783596611583,5.37289895600489
3.72354274439183,4.79336383178523,NA,6.20616740532215,4.72014510198536,5.61023959103896
6.15625676748319,5.20082514674663,4.70356744652664,4.49181656404347,4.57789063740845,5.25421629359046
3.51008696052974,4.5506112481972,4.87989128072087,6.18215244628334,5.35215529319455,4.61442930094397
5.78293875996957,5.80784853409031,5.30205398731295,5.12786784818112,5.89301129663953,4.53954284181024
4.07832916363187,5.21065255541667,4.34204907684802,5.68530242334678,4.50990566291545,4.96194135677056
2.95812112032316,4.76943737798488,5.54438171037658,5.65843832759945,4.56978092431432,3.96498064838241
5.20636140818099,3.59715745452489,7.44183102718174,5.34086368715778,5.56590578228875,5.7056737351615
6.13162017224203,5.15869381566539,3.7047192038673,4.52286962216016,4.19432542077012,4.65516483179145
4.27759302248604,4.94421935020958,4.90941579348604,5.35868772041924,4.05799895431475,5.65147616993298
4.86423877133475,3.59290852866434,6.37374945546115,4.36220394082035,3.69897173689457,5.76361972662794
NA,4.36586742659279,3.99027540717728,4.96137137903196,4.8081979572404,4.83024660239305
4.43183864137567,4.51697270708169,NA,4.40699430365,6.10788818327932,5.12932741054293
4.71289592246268,4.8744768350588,6.64965545204847,6.41777377997328,4.36133667280565,5.60923353177839
5.65231391981114,5.20231598964764,4.15654284548226,4.62002989388466,4.68392747045519,4.23597955602145
5.16373085554286,6.06876620513173,2.95333030763569,6.93945513166117,3.59448608504885,3.21365754526155
5.8355494975943,5.68093724575879,6.54052650204429,4.37236364037396,4.41197405992984,2.8078702396241
2.82491475548584,3.94352719762758,5.84343641178891,5.42158514094117,4.55520513221109,3.86051646187888
4.49751113555585,5.35592026892081,6.39360237755541,7.51205972225566,3.85865054045115,5.50235220686834
6.7631173762118,3.48291045520947,3.88032153800038,7.74378429157993,6.79663940729134,6.91922795112664
4.58023267027134,5.92447037604692,4.95012002945664,5.14177973450781,4.98892607205541,4.04017459425122
4.08994347702235,4.44704587289172,4.48745385512211,5.22448642473406,4.29872371866381,5.76877714620737
4.17146867008838,4.14255583305912,5.9504095333826,6.82693753552031,6.23620854300579,3.8852448731391
4.6678608332381,5.79407106916268,5.07923657528686,7.34802271258928,5.14433281298167,3.76495322044114
4.18137953403908,4.29415213426786,4.32661961736597,4.51981952369548,4.8074784249503,4.19208272839583
5.43981035475922,4.65684830193065,5.07920529073947,4.81108671630246,4.22131273158101,6.00787171429613
3.35409284422168,4.34314168743296,3.77254399854278,6.29750107208265,3.58548562565903,6.82146632141453
5.87935280596944,NA,5.89391953850836,5.06551638581705,5.61079642897188,4.30039303519675
4.60415937517612,4.19012256902562,4.82265438442809,3.98118072849214,5.0268707298712,7.19796728156624
5.92655836088999,4.87943905224732,5.36887659493702,3.32584437985872,4.78692223524433,3.95809770868551
NA,4.71112100756431,6.27242490926739,4.68603572187217,3.97459222745835,3.97017478825906
5.49205141576126,5.22727040920207,5.12641777508605,6.84853558590571,3.95675439031712,7.18356257660574
5.04383476612457,3.55923862298379,6.01418968008321,4.03389371510221,5.35546222385905,3.90584595688668
4.93317742783676,6.07154063057013,5.38500137025324,5.64350840943575,5.02938070788008,7.09016139099036
5.74438714883448,6.22713708317246,5.4315314186182,3.14193674842278,5.11911346578117,4.67108093271134
5.77021270598681,3.73722219732465,4.85275536748586,5.17831848396972,5.83118950656428,5.91940868153576
4.74876658788935,4.9841754208441,3.84770001265802,5.33341746340683,5.90366258130961,4.42964412769583
4.28371017386512,4.80189982911621,3.97416197343997,5.40795653535293,4.93328770756974,4.47988386508586
4.22572936563193,4.35504028632946,4.36958597617749,3.77855272079393,5.05344204345428,4.15893551906041
5.54852511862479,5.69021389227141,5.76423080086658,6.12787359933175,5.13827524794204,5.407404136807
5.55011577022989,2.96503214008918,5.97857829660197,6.4963206464849,4.20665077347843,6.9275762911783
5.76079653004094,6.72837133422806,4.28397876631982,5.74357672218149,4.96435619398905,3.72250307480577
5.87924831003315,5.93423523023885,4.57339612121756,6.36471527379765,4.96487013606733,4.96803284952047
5.81066974200488,5.29535621443334,6.13496424200878,4.51732709461811,5.39563217503082,5.92978346094253
5.15693031791923,4.21703478418809,5.85513524206639,7.20052790385216,3.93582922765249,5.66097424210457
3.6714870226496,6.15395879686521,4.67287056258386,5.13192831051298,5.25527705700282,4.65312647201731
6.33520466216523,4.79456835226079,4.16494397209545,5.96885781999405,4.28991057653712,6.28641560343522
5.88556708060636,4.34955428938546,6.90025973174496,5.35703220872703,5.22964907732935,5.80976214400096
4.93584114288309,3.30624187380309,4.84820570590102,5.72026348114975,5.47845440730197,4.9273757927395
5.82760063655699,5.50257600608659,4.9134572662519,5.57835894136406,5.28950101328505,6.40402945414982
4.58368613873956,4.30472285281442,4.775348702133,5.25891886953654,4.28800762790233,4.92164226459431
5.35742920017712,4.01286441022186,4.47395503106643,4.7827618691703,5.8169786603355,4.87416387638971
2.51057964638848,4.77363335557802,5.79052731944586,5.52543504424122,6.15181659977038,2.87143855231926
5.12230424328844,4.18428697073485,5.18161548396924,4.37654845294988,5.56474658893224,6.24856780300566
3.33565447101286,6.4476668108431,4.6631939619387,3.47298039600978,4.57017605986601,6.02967527217345
4.18853057177605,5.39759890133648,4.9705192628293,5.28472029578569,5.07629246189246,4.35847740592655
5.32269165892835,5.707136198854,5.6458451462741,4.33208987148185,3.9399599484875,4.11467183733703
5.00935660415961,5.4433117518744,5.60890849664476,6.63252290214823,4.56734913456975,4.2698924546075
5.07237189731305,6.9649875624989,3.46213602939298,3.89195730394134,5.07229142261086,5.69091018392831
4.41351224853973,5.849836036338,NA,6.76271326941439,3.69350139328849,5.48598628385857
5.56899396307729,4.46369623939237,6.03341985965776,5.15476083086095,5.0407455362863,3.15107169252579
3.09106478917339,4.63640476359807,3.27275662769443,4.73166386324968,3.2913834156412,6.07374248752269
5.90733791803347,4.76334941384573,5.70526646908542,6.1349179013722,4.93533303329967,6.97798063540399
5.5079641052142,6.25808007968516,3.91844687004154,4.15493634185136,4.87837246701491,4.9100035065021
7.43741468119785,5.07454926071233,5.52861628128913,4.81567092482,3.65832393113971,5.33153363823697
5.72201120355956,3.27056595384343,4.44708768981805,4.64566339581932,6.83358756628886,4.17234516079422
4.97830836227532,7.18673305095915,3.39171481218966,4.45102376289285,6.27558831071448,6.47602427996634
4.88358059550787,7.19567824265958,5.18896350030598,3.71050348512158,4.99058922538626,4.99636827666529
5.10735984397395,5.58751977110013,5.06957231769306,4.94032316231663,6.52313984130418,5.11761309421916
7.07116524462594,6.56049969839002,4.84225583424202,7.05099978742573,5.47693101611856,5.78743386421221
3.61408696958322,1.92241422330463,5.60586519383117,5.0074031411626,5.47667651454032,5.82228893745321
4.64208847741859,3.7554105231579,5.45180560653321,5.71335579148387,6.25523073285215,6.57132733332991
4.77968155626061,3.4172377726094,3.86153391989265,2.62940277693632,5.18358304396432,5.65441553181836
4.52486637310417,4.2296552291034,3.73971413738017,3.59394406238775,5.73881144838023,5.09882064154949
4.79978114346118,6.6282270656463,4.46984802688428,6.10968709486232,4.6306706756658,5.25040791861973
6.3445414301476,4.08144385572977,3.68132094407076,6.22502900070421,7.17542384366073,4.40736374025794
4.99394856427153,4.78780577547716,5.16962626604821,5.43784663149475,5.28984934725666,NA
5.39333249305107,6.24447568769637,5.34431114622685,4.73132066450476,NA,5.72380820246509
3.80637474732686,4.05931085521148,3.35920436956934,3.47511239862645,2.92267306258906,3.42863091754102
5.44292111024175,5.41516019778523,3.84811450491165,4.84279210886565,5.85003483321537,5.59767354058774
4.52839403169741,5.85144993473271,5.81818190379109,4.86673710658133,5.00287794143638,5.40129808150938
4.54658674123148,5.60552846294942,4.30954213213702,4.11545941764603,5.80213472442793,5.96428270723067
5.35561280177544,5.13898531938194,3.58944427857386,4.11440747819147,6.22430441064596,5.16127118418155
5.85913015143187,3.42623230539445,6.09120431058869,5.17443706798523,5.52535706308008,4.10113524480709
6.15590013837615,5.11798887081898,4.74451826519929,6.49705500299558,7.38557686653473,5.89143420135259
3.67608238494343,3.85538352755504,6.18379365917429,4.82761254492757,5.39882023724436,3.9269794047882
3.80551647350277,2.88251225873555,3.65422741037279,5.00670329712894,5.25380003087052,5.20931074524336
6.07350678308438,3.45025079177101,5.02743753521063,3.91002376134317,3.87323586197352,3.4557010029201
5.73443756237822,3.99507020856519,5.8203721463961,4.26687924754036,5.35840415400743,4.99762168628344
3.16465836843813,4.04760629479098,4.5188224928196,6.05249747976745,4.64599129279793,5.12737897434349
4.13466567182358,3.40329878965687,4.61211453834729,4.40227841665073,6.68445071833087,5.23335869832677
5.63142806269619,6.73587405463054,5.42128360819351,3.78813706717991,6.33619647872218,6.43386680273353
6.37497234346565,5.70386837182158,6.26433304767685,3.50058912981081,4.15895886587699,4.2568801758131
5.33578972452489,5.54288607233775,4.76548181352608,2.70472040700062,6.43585748949155,5.87492995410504
5.61101380114107,3.55379868533477,6.33639500740992,6.45171559392279,3.63153113784173,5.36622781745125
5.37223443312294,5.03552148881861,4.46149856853583,5.38261177182066,5.101526916935,4.50660541507997
6.67762476562373,4.50619971084853,5.93183368712467,5.77608577865213,5.79234259740842,5.44980442739348
5.52730739869956,4.62481357546661,5.73612213159885,5.3248945212681,4.62449472055711,4.36714119878206
4.38202793120244,4.77641023361296,5.54181444298192,4.81270457340751,3.97507157182691,3.90024945711566
5.7707681885089,5.12987746317514,3.82529354254876,5.80384283338364,5.60548442673983,4.8357886015059
4.45326110715561,3.8994999284602,5.61402754643194,5.16258492345997,5.0662135263493,4.65985779671443
5.35713718730766,5.23038110418361,5.5198169436223,5.10061157741382,5.45457895095097,5.21719417944528
5.14428454033739,4.9382921050584,4.61113493301801,6.08835833596837,4.75516046639464,4.87615032196306
5.11375733037587,3.70518584469818,6.6913371915447,3.87180677622005,5.21941470247599,3.91287020981691
5.0196273912224,5.5911435760778,7.00598009393719,4.81062079883385,4.93120189467974,4.04270098841267
4.88045505847719,4.11208011826791,7.53184118033782,6.35918428995582,6.12819659930491,4.54978810831842
4.53149756982829,6.76380937997117,4.26687857565342,5.73471381080147,6.90182811061823,3.47825202745332
4.05165001831279,5.1100431829482,4.04052784726471,5.78416698785126,5.49988625071393,5.30663355007233
1.83955445149466,5.32755992391949,4.23402533653305,5.31635811437503,5.95720938910972,6.28408587592097
5.0273985741725,4.85090649725132,5.23802974280512,5.94501332157836,5.3421122720398,4.46476264771536
4.38214745393498,5.0930517318564,4.11164014806647,4.72652136833072,6.01336347215191,4.05750804211242
3.6081537049758,5.6934454055026,8.00585149432862,3.70378523787216,5.40295359175755,NA
6.58563021039872,2.14567587176167,5.26465384185393,4.51434575117684,6.0468164083617,3.54864096983737
4.28448143231123,6.0904416720271,5.89795711922227,4.21717348354815,4.71304548666407,4.79704748094958
4.29202426314316,6.19143416058971,5.55588141017224,4.25399429273139,3.32851404962504,6.58722829504307
4.12272997867403,3.96678813764756,4.78211212094184,4.77763076934648,4.00121535467625,3.98326808378961
5.49914883224322,4.57527777616845,4.09239100849289,6.28491093099172,2.63945978308605,3.98087719547202
4.18829194484661,3.6045762673097,4.17491695681173,6.3418030122928,4.13081565342899,4.3926058397229
4.75654920718775,4.67486554989647,5.71911997752033,4.03152819701087,6.47629110398066,5.52370466580416
4.80597728487355,2.61015352991333,6.22738480889219,6.63546737258073,3.61967889736198,5.73385131576929
4.93597350764706,4.58813085004449,4.79356133655772,3.47836301659996,3.5620388811627,3.98703973408026
5.85216205678097,4.57325783363122,4.47321975667442,5.37572421893309,6.02139420484527,4.14326954357671
6.4289978799776,6.65343392476832,5.99930128333642,4.34463033626847,3.72953798095983,4.94473875843577
5.04651958442662,3.58274393030115,5.04933411042741,5.23330341769872,4.91267781221802,3.67507315445502
5.16954008988377,4.15124782964492,5.4117979632366,6.78331281146312,5.51891902739359,5.53843184891739
4.76227267410878,5.47594375552957,6.79158378341364,5.23940462363995,3.45364056841235,4.03096501464872
5.40951084932911,4.0893000302872,5.41952970593031,3.80593054954795,6.44727167726836,6.01832851710971
5.29072172454694,5.2317778188579,4.5821084280431,4.70454272963907,3.34096942202938,5.2707992434937
5.80662636269989,5.67935041838939,5.34529428109898,4.84367011015592,5.42472463720796,3.55488186242523
5.97394126613718,6.12238976111421,5.36093701196146,4.62977437880699,5.42743631171048,6.10069748102202
6.47226223378363,4.36784195653649,4.23763505516369,4.91337781649698,4.14987467945766,6.10855983261873
3.02363036295075,5.8165723015427,6.60809474887683,3.67084525253309,4.21829004683401,4.48343975533354
3.17968664737051,5.76877672936004,6.31031746645013,6.63805740420078,4.05516941904409,6.01521761884196
4.95656409690772,6.37251042265605,5.29789413542531,5.9872107525555,4.31341772610802,5.53177208243643
5.32803915656442,5.0786728852672,3.6228509544014,5.72462608687711,3.27686137950596,4.937375628731
5.52139361912977,7.42134225783878,5.91517446339706,5.00687135622047,3.81558623536614,5.61591415403625
5.57428161595075,4.28257281396907,4.09884676919898,3.99087238397178,4.43756664457397,5.99212362042192
3.83977573212315,4.32757816996372,3.59505845262803,6.66289414510508,5.76650037189599,4.94465613225113
5.03023652695627,4.327093433666,4.22372321766438,6.84085781949566,4.76509521936461,6.78003829786239
5.61502479323047,5.68370702122454,4.00543561926342,5.43680592713701,4.19999457394974,3.62146216322545
6.07847901515035,4.63133730172694,5.26200678309965,4.73969555546939,6.12441918236647,4.39321333239708
4.42088446441511,4.93584753894356,4.17830578872815,5.54450683105122,4.14294968673535,4.48348951041769
4.15481659029803,4.39900732378192,5.27175376787907,6.94318508687275,5.25450782916718,5.56154274094359
6.54430989638476,5.40438500079481,5.88074501054987,5.09148797621198,4.29874283283467,5.11204480980789
4.94928775259478,6.4281004182935,4.92689584897895,5.48342246721121,5.03207304667973,5.22031815205757
4.98662644542001,3.97634691029987,4.20360009946794,5.83330168515045,5.00572022517448,4.47469984012446
4.38288962746677,5.42296179427926,7.08082582619335,5.93920562086761,6.81969801832929,4.09869726955384
5.45635412844968,6.92867515775505,4.25831117216376,5.72946390013136,5.92110422637562,6.14761412440123
4.78866711774539,6.80340543802566,6.54047153411676,5.18542919105172,NA,5.47200779055524
4.85960421432738,NA,5.08680087868392,5.63325394362676,4.87913295198243,4.31360645035113
6.85390585086372,6.00184831193506,5.64172472544385,4.16756494500172,5.29271123338954,2.72971608491813
5.19666325604961,5.4257078028299,3.61117133488424,5.56017287653345,3.02431639972052,6.71903479390405
4.07381288041883,5.75087737347359,5.03025810790826,5.69083199708655,5.03112759244749,3.66619888132286
5.79577661570147,5.64707016150485,4.24352440815664,3.030675576512,3.79207919067441,6.74082072423828
4.52959239506895,4.93954653805272,4.2955565917656,4.27266756126994,4.5219619212055,4.72946795874048
5.90105496181561,4.58606077679636,4.66253717733397,5.95030388952438,5.17691480033174,4.15897479885794
4.43887611866855,5.63388933697007,5.70696787848115,6.60324679590832,5.10634680676347,4.63061132396317
5.24632243938887,NA,4.57398973889902,4.14191416732409,4.30119719362719,4.8603741230688
4.35569020852414,6.23204863581438,6.4317825822441,4.24155425258329,5.49360263390357,5.67710846541126
5.03073237166622,6.35369596740662,6.45270154663829,5.87521559223692,5.43015177625226,5.50099024334092
3.70781699746356,3.57288871208772,5.9797066622261,5.87449185711294,3.8183373454174,4.12252518759831
3.44998915587957,4.48667586772204,5.08416336411366,6.36606304100212,4.06392984509439,4.39001744081727
6.20728059723579,3.45668431249335,3.04146140597195,3.99021439354216,3.98451947219745,5.51295180684182
4.5963513316264,4.17022726596614,5.19785702066503,3.4145465802074,4.97035834847001,6.10710203344402
4.46204216488423,4.72612974017321,4.84779285564037,4.25777708966533,5.6148104887206,6.39534528823606
4.60243372854906,4.213572116646,5.0275795404569,7.00552257061451,4.20707595420624,4.38878669257914
5.94723156025317,6.16142903410501,5.18300865212064,6.09214926791721,3.10553128053469,4.08605176767113
3.42441240107062,6.26871576679197,4.30043746402188,2.74867334096681,4.34407611063171,5.61751275004502
4.04105015624761,5.10919762952295,3.94980302130148,4.42723844662033,5.87978337622788,3.67239101240701
5.84140269082875,5.03029145888194,4.02918220105776,3.23527475109038,5.79973991791076,4.11487380223977
5.34637852697927,4.80598083108404,4.16351289293635,5.30071770534692,NA,3.30419865530536
4.9241300277898,4.69929397527601,5.12727341823998,4.62911680205918,7.20330473512264,6.06589692708959
3.82121845089275,4.07046541392051,5.07754967650117,3.2783980018191,5.73999270120594,5.16036207118363
4.68666600452953,5.52958021117454,5.69620498817975,4.76456848889028,4.6751048492348,4.28001509068215
4.51621982085002,6.18340844578738,3.53807626577194,3.97140020216394,5.00297689364726,3.96645838839744
5.53760657655038,5.29654222341376,4.22577436495499,4.11420263330331,3.84845760036921,5.58146039841022
5.40440545789787,5.38206233208097,4.83706117438284,4.85147139095812,3.95896763165235,6.11568198776956
5.96819536030942,4.09957788504503,4.76008638335074,5.97377031843595,4.88834490575334,4.19114481053248
5.31696682254253,4.13122544562877,6.01160210906834,5.43435925723926,4.57749976383241,5.95969503902492
4.57448604350185,4.52957418268868,4.51280291843895,5.74292050931775,5.01363087589135,5.37902643588194
4.80683459010191,2.46365232163727,6.03815573025203,3.4557501876627,6.51798675994179,5.48269778165795
4.14278674499925,5.96618131292658,4.48800916102381,4.13259165080292,5.10444348106609,4.88493244678997
4.03989072929735,4.46569443729581,4.69795922839973,5.14800901580709,6.03865993998801,5.58830867459612
4.83133638644513,3.77776802249049,5.01210256570161,5.70657508538741,5.05800970454669,4.91466593667829
4.9702800429768,4.98905466472567,4.94101839382231,5.01771105960245,4.77687531336431,5.62732320929552
5.59359879377529,6.45275523195363,4.72572254644346,2.15047625446675,3.63756413336145,2.8205433318637
4.90718177497375,5.00408445300052,5.5213301546007,4.54135143831563,2.63345718445779,7.34106758685764
3.88208487829487,3.71849483629623,5.75888940362337,5.25965492728759,5.91367726504357,6.83156455298914
7.45273915015406,NA,5.45099288510627,5.87879823640634,5.07731008993151,4.48434159692683
3.90477361768169,5.203853133506,4.38449968460096,5.57522694415103,5.37872391466766,6.22281099067948
5.62940221632898,5.12021615469013,5.69511735953208,3.26126656438607,6.97649169237451,5.68059349007031
4.70329224710826,4.23024940885834,5.15937568028147,5.1880930061451,NA,3.40432359557472
4.58606273852286,3.60940061891224,3.70929798371342,4.36690347041417,4.48279518730837,2.77668829045443
5.90717355165018,5.32728066869317,NA,4.55400574870151,3.63351279985108,5.4388403223625
5.40662879697734,3.40091692249395,5.43825543194999,3.34401077235053,3.73656424600316,4.8780732777773
5.77193313312615,5.68603983378975,6.83610930073347,4.52595938705604,7.35472913763042,4.9397823784516
5.55210993519586,5.69256451769825,5.92687620093427,4.21020592907889,4.29794243949094,6.40230575376127
5.37259178987457,5.77002720443303,3.95090779558382,5.39390804352259,4.95579008355617,5.0615538207739
5.12441040533051,5.23781137210539,4.63972792793379,4.41735615703203,5.65093589870253,4.26976310270732
5.21129962059207,3.52542490634803,5.3474514905734,4.27820244589314,5.31240707388312,5.09419422889291
5.90780125254425,4.22924138523192,3.02838098852078,5.93158184371913,6.20316172745279,5.18096840664537
5.20095978369559,3.9007625126035,6.23399518278131,7.08197068704937,5.95119998314034,4.02720044167254
6.29272234095925,4.530945468713,6.69814617121356,3.5651146717042,4.24723767372627,4.5356352786729
NA,6.35326106683329,5.71832403663606,3.55816845843207,4.26679079692213,6.00135100101393
4.61281084057075,5.46218257439551,3.2577607717905,5.19076642727244,3.61385129992124,5.73517714568836
5.30125182096077,3.67414729217108,5.4087387792662,4.47264005423331,4.54991794616592,7.66219332022501
7.30715179699676,5.53772631728299,6.42207324378331,4.37758921919653,5.36052483112619,5.91120507428872
2.97256560322151,2.84701694423015,5.1783035189083,3.87495026288756,3.71855482582105,4.5474057346056
3.61785797349498,4.62691809519595,5.18113142618368,5.67538970634262,6.17945598981124,3.52972545640429
3.13692496486591,5.4660991219484,4.52443886576406,4.68906588957614,5.03029418488861,5.08966435955471
6.06077453958609,6.21175682817953,6.00858843608952,5.96084201464187,4.84074307403127,NA
6.22790192041619,6.21659875147817,5.53683929338972,6.36532829738467,6.07179310421461,5.86105630006215
6.03586704329788,5.22206802487449,5.24601677557712,4.8135741981481,3.30698775319866,4.85541848965112
6.62784684840005,5.67341982552824,3.96173983889044,4.89209307532563,5.16311797295376,5.24361813110014
5.48400571310059,5.71814527027139,5.70544802018925,4.25813410101022,4.14679505641327,5.05805286604046
3.25935266638432,4.76472586979378,4.87279923644973,4.15312954341028,6.69432874368664,4.22841401935854
3.8746006780391,4.02193694200319,4.80042306241036,5.02497404087454,5.36831136788413,4.85275572319249
5.09529920744344,4.9062059116333,2.35100921787932,4.87969288544909,3.50772476634448,5.6062866123338
4.04385785978239,3.1593173799994,5.0413081563899,3.47153051527347,6.22111962674992,4.5706585773159
2.88182561018461,3.1730084155789,5.50051443571259,4.00749671439327,4.4775014037786,4.16963391271269
3.73056457774043,5.97098582290577,4.9338716130776,5.24543072900078,3.5524471143078,3.25266146458374
5.47301629490141,3.98904454418861,4.36083722537599,7.06759130239418,5.81961748579074,6.11239066258223
4.15780277345642,5.70340068949351,4.60197049354448,3.6007745250433,5.8997542211278,6.79863522700645
5.65303798369884,4.26299802151185,5.90307525871067,5.68507280010719,4.96660612044414,5.35912918847611
6.05833148985653,5.86429282550913,4.8756081525138,5.14946785693449,2.44905048128056,6.06905323053288
5.69947827480178,4.97611710738701,6.74634671733258,3.6841697888239,3.2730252276463,3.34598689683438
6.36149957533266,3.87898704251156,6.31074394122425,NA,4.17484703985886,6.04684705356283
6.03682864504122,4.09569335690254,5.56227464774348,3.35459431830266,5.26183679105585,4.61045790740637
4.0940558047577,4.44775411733881,3.70908150941088,5.43068585599378,4.86870216770944,4.32046643266973
3.69506046855231,5.2089579036096,5.1878374008399,3.37246017613695,4.18697334845226,3.03516857021346
5.70911990895927,5.61196881758361,5.0709210468007,4.9289373677717,5.60941479180036,5.4469831211758
6.57603230438853,4.56371970340089,4.65658976015249,5.26621617830399,4.8480970891956,5.44492985536781
3.74198026164772,4.91911047977309,5.22598819553435,6.01474534201717,6.21383929966507,4.47599000935256
4.02170870460805,4.22561594834241,5.62542682472386,4.73272514604135,6.53835132788184,4.60729237557713
4.38363140389236,4.32508795792174,3.65595404164325,5.40632725774941,5.57642225576199,5.51334437993053
4.84242625206958,5.49111981689076,5.35723579135896,5.15437620232549,3.31636007082818,5.38480816190334
5.90244733074993,3.92218564905039,5.85669925065482,4.42807649746842,5.7282003421291,4.57810417323986
4.19334363297811,5.32692683850502,6.7308374350418,4.51525359653015,5.61978985426032,3.90451751660798
NA,3.29619404109534,5.49982727063201,4.01779065382342,NA,6.73351740493935
6.16823263030047,3.7286841627192,3.28369522164215,5.86441035390959,3.43104758097984,5.20091527791534
5.63501821183038,4.12039917656721,4.6450833031389,4.98844369255338,4.56002585938891,4.37533902505593
5.57497869279831,4.06777192666626,4.05935786474472,3.74975796579413,4.41379763994666,5.34229152175994
4.43521648727121,4.76312969155726,3.5714892823435,4.3078695815311,5.47540545638052,5.41182592138191
6.0224064946829,5.97768406725464,5.41716748410676,5.00889333516378,6.08327787837905,5.1648951309598
4.49294583283018,6.35038375558933,5.64029861232856,4.26098912138021,5.23577817320824,5.09045682264937
3.60281964768139,5.87438795817103,4.89031858558055,4.35649321279878,3.25715634137076,6.39436199877226
5.46970123472445,4.52580432098809,5.75357404771181,4.55399889413617,5.6337958799668,2.94120886162987
NA,4.82354657924128,3.9489471168472,5.10194218416041,5.04041101478615,4.11313490020092
5.58611530966698,5.74016317367775,5.54120985288053,5.84909322997856,NA,5.9878173451738
4.41582387750432,5.1227527150971,5.44745153037334,5.88379577422131,NA,4.75157890734175
5.88475599280894,5.46625456465287,5.90750836715564,3.77202973450261,5.98311515215383,5.54165893752259
5.73922955701511,5.14608035010171,3.67683885781688,2.89854309671298,4.69808172357247,5.40816613001157
5.35387481737038,5.17497885494335,3.66701746701559,4.23929886479751,4.89915780826069,6.48254587995018
4.49923000996774,2.03690000845597,4.03784507985957,4.1936303110522,3.44533236836472,5.99101465615952
6.29338695549105,3.43275701174744,5.52232241844047,NA,NA,5.82240541101035
4.02403128166594,4.23547863993305,5.00212493156963,5.7351448784055,4.35581139491737,3.99104500489626
4.89208880515903,4.51799759872265,4.5007345093036,4.23024291965389,5.11116075932999,5.22468928839718
4.5688967885394,3.67482629767717,6.02475512475716,3.41449284192375,4.55244975226344,3.75707362712714
6.7863195120821,4.73499132543761,5.0859034363548,4.22944262111247,3.6817938976398,5.40794376120586
4.66805693586124,4.30107358620267,5.14622965587268,6.08688398571263,4.1305872225502,4.55651878800233
6.01657943166532,5.1576913460908,4.58191312092248,NA,7.06931399274722,5.61693813772568
5.04052843598601,4.93956464358052,4.02172275197108,4.16151642219026,3.49308370027094,4.09369728868509
3.70789285842543,3.20054040856175,4.03746978343864,3.58482420603838,5.34678958905863,3.55225358766803
3.72817421796788,3.06850800146694,5.2172727527621,4.36452537341998,4.54519675090905,5.46209668366855
5.20441010477358,3.72447599184013,4.2616394798398,6.86278867085505,4.39496132033145,4.25055086156249
3.92497726303276,3.35441113090124,5.00067864926284,5.10048823991523,4.39136924204718,5.4764030200106
4.47798740204909,3.61193559471657,5.72181676235024,4.434710079411,3.79884728709823,3.73024090109124
2.88166671848292,6.37072540146694,4.58696917685609,5.08244314607938,5.87877174310465,5.31891121439805
5.70636395977395,5.01727751139615,4.21126202616728,3.06755288267022,4.82945833655199,6.51042704349337
5.17112940264496,4.05723847136417,6.56804556803571,4.94456452506765,5.54294900586241,4.33945484781569
3.35038779070462,3.11923052445551,5.25134923221268,5.87486839072806,5.54874905788606,4.79164874708799
5.62739853153056,4.77475177837206,6.0299861092709,4.34657302339822,5.4285408398526,NA
5.71112224576756,2.67925638978459,5.56526017522859,6.27869002755698,3.59404121730159,4.91962456791223
4.69608221221654,3.82300245430661,5.72631801667214,NA,5.28211754689529,5.68168274877755
5.08382493378549,5.96546004983761,6.15568812144484,7.46749685002224,5.68587536296495,6.09098303331482
3.88627189841832,5.74355144525461,4.58715999894809,4.33841135314893,7.7475147647897,4.52020788920873
6.25791455440026,4.84796080454654,5.55366743552184,5.08896484891894,4.91116816269444,5.06759526518384
4.99542123738849,4.11321098679953,4.26229857256073,7.51158223729522,5.22636457956903,5.4438755530292
4.2143379938252,7.21964705750074,4.60767638996242,5.40900658932488,4.45472194121971,4.01392092144767
4.11375332371481,2.40561651756224,5.74576192859215,4.90973828610838,5.31832264893125,6.7431721865633
6.50812418808816,4.504239895096,5.65781870804751,4.13034561674271,4.36118293100691,3.42489734277298
5.03829311463649,4.33378806710326,4.9124149884597,5.78646580269262,5.53335644988593,4.2479628895025
3.90066448065869,5.28858254776402,4.61284803598063,4.96466984837709,5.01508626853111,4.75208482755277
5.46242283427132,5.04713051848323,4.12263095979567,4.81892945638579,3.77471117619398,5.83615497879475
4.97566925374934,4.12696558438701,4.64619842846123,4.925874060816,5.44911997029101,5.31167904364642
4.39368911667767,6.35348002898675,6.02709923809868,4.91520620121541,6.20260543106806,3.67731462005683
3.88664274099026,5.99666171283706,4.2512511768528,6.17766730306584,5.02128301393088,4.97601755744905
3.03855755657855,6.14122701172985,5.16799129986973,4.28895342430127,5.41583700325374,5.46994264449655
6.40050668041078,4.60956419124438,4.61715135575878,6.86735894466297,4.67386350805081,4.82141075502211
2.75723384680394,4.12170819910859,3.89684061671043,5.23478683901209,4.964447469117,3.43521360689031
6.50724633561419,4.609628147582,3.78420285159811,4.54017319442634,4.85018060974006,5.05963780376247
5.50445791125554,5.61506163996365,4.63284621959712,4.27129563791635,4.47770199771826,3.90955656704475
5.71061724497369,4.37068956282676,4.53424169080389,3.95020020707407,5.54938675427794,4.16761232473714
6.69779091564541,3.71194097959937,3.97902351097925,6.20345194635172,3.74517287527477,6.78709356833958
4.98226858054755,5.14584447107999,4.52016445962925,5.32879328823333,5.38865392080286,5.61758494212885
4.93552900720713,6.64670278257327,3.96538146229556,5.14883140545146,5.02068895275515,5.04301896062548
4.6211072364885,5.5025659261674,5.29533610103466,5.16942518302554,5.52084163139323,5.17550633013228
3.35000036294143,4.68493445177976,4.86436967751042,3.33712926046321,4.13237388522756,6.23363985585864
3.70395264871149,4.05852800931415,3.71066356803003,4.19751837487644,4.66791825346408,4.99456978186158
4.88465135799776,5.73440351166346,5.69106446998439,4.51046536324589,4.05128163012041,3.42730203483148
5.00510304384847,4.94115609371882,5.36007242590836,5.39499980880928,4.96710595096415,3.90453849405907
3.26129608807921,6.07912576730584,5.46656435280706,5.39317503310944,3.07762812308674,5.59550226198943
3.69476167813473,4.27445176861353,5.56974107273363,4.31416625787849,6.42605310067316,3.79380033106198
4.80193746785554,5.93995407480732,3.65810612367262,5.57992358767106,5.1164860146718,4.61458602509543
6.03713095049569,5.71691955368869,5.75083147498376,4.96290995509647,7.89552962091164,6.20928516051998
5.39327090022783,3.92228635329321,5.34147657292666,6.58723598257545,5.07957987053489,4.70181546724457
5.25531735860448,4.69215973691907,5.04516560407598,4.68768144637658,5.62695126194482,5.91114032386735
4.97260242264629,4.17857575768625,5.51534721884601,6.04469317576703,6.27707967403541,5.11195170968701
4.64937033803857,5.39060385130406,3.3128475032799,5.17396059511475,4.26943878027816,6.8500820245472
NA,NA,4.51958761114273,4.33428334508859,4.24361061942279,4.35445651447438
4.55698471393506,4.50651398094727,3.84055432462123,4.88964001825543,4.72496191020961,4.31487981590263
5.29524366671453,6.27924225234239,7.12950317212355,5.58113438377702,6.39272539972656,5.39375051773872
4.24090952546945,5.3923812963337,5.29003392979659,6.39349887449827,4.92483363909932,4.28838801930503
3.93201163807163,6.12508209818598,3.34082815741837,6.83139680216549,6.57902644616565,4.99367284152057
4.35423300146633,3.32535462498832,3.73423967167843,3.55713238537739,5.35703802941978,5.64520328938493
4.64056340485444,5.11153486229723,5.3887363590578,5.17615243979542,5.21766238838782,4.31764003523228
5.95238400448466,6.70458938503015,3.7047323809665,4.2339000823866,4.33938405918181,5.06734232622535
5.57602423081867,4.33108233275674,4.96176645398981,2.7295955782051,7.10214968707844,5.91488509614692
5.7350226471639,3.08366233389696,5.95619726295235,5.35749283210327,3.8031079397267,6.61157346295272
4.64905221994357,4.08551241011367,4.68113548718487,NA,5.49056932521092,3.57739872724033
4.35638464827127,4.33853452505357,5.35455646892021,6.18618339016194,3.78628727162653,4.36450440540734
6.58203315098626,4.11827995415334,3.86992031432685,5.39513395664765,6.37950459220213,4.76485893352949
4.34426082945636,5.90800130944882,7.05568600094668,8.64924753731129,4.57532559984934,5.95105126981094
4.6300607678091,4.80350623074603,4.36125480811559,2.46963642872443,6.61125462803727,6.41691366653718
3.40538607674314,5.35276784050904,3.47821646028818,5.01821541792988,4.07819912815373,3.82665578915972
5.90824809626654,4.84067617295938,2.31227603646603,4.61290298647337,5.37929712914284,4.82411121638888
6.0462804051118,6.90039574516444,5.93094175451622,4.60186148342557,5.07666800508671,4.56538592081168
6.24445205961787,NA,4.21987331967441,4.02373363531961,6.9979478135838,5.99300018790795
3.44871010631674,4.45251775332266,3.70074357263217,4.98031393956839,3.81617845057157,6.38535723779538
5.75563705385511,6.9225133653923,5.11579529060797,5.1864311010595,2.91565109778166,4.33275826002127
6.43874949623697,6.55388062630094,4.00226182163047,5.64726314564687,2.95440525030576,4.86989658526153
5.07721421126073,7.76928464891245,6.11189831238127,6.56467667867861,5.81506172006352,4.33824573383096
4.97367464033525,4.15326716147102,4.90430984873956,5.60807551531051,4.25748772979674,4.81212950493228
4.31380553117523,6.26851405298691,4.94280101902994,4.33443046526054,7.54665330393619,4.31561737329418
7.23492755686738,6.59005122170404,5.45456687084302,6.3729041945061,4.48982043077735,NA
4.05408981909471,4.04359192468851,4.16541186182352,5.05769745314467,4.99014408255146,4.56507998779437
3.64444017614351,4.60662195622271,4.4892877421946,3.85208420756903,3.56473837023401,4.41284000136959
5.6054779740418,4.02425095594966,3.43215461815608,5.34729341881428,4.68298740372062,5.24982543745634
6.3321880452814,5.72303642984436,6.05926740044901,5.14919470303433,5.45144677142694,3.08079164874527
5.60737318300178,6.03079744272305,4.61728213415808,4.04930963324668,5.2051977159353,NA
5.79507868301082,5.84650730035602,3.10575436653094,2.40013746264724,4.63314528665978,5.97967903120385
5.04653576690833,4.79750798963554,6.12904614683719,4.15963564542404,3.87207312389703,4.31845204854653
3.56657484623791,5.74584072173687,6.33946766824791,4.68225230212269,6.62338400609128,6.12415137079859
5.07270425813652,5.26392912121491,3.32751042550193,5.92002062641966,4.79937864106276,5.1111628579901
6.68368114761956,3.78916188538577,4.02499831340623,3.95190581349557,4.94148560241984,5.22966373747773
4.16574047251414,NA,5.33863819229087,NA,4.36631688099638,3.95410330036176
3.83396320381369,3.03324378487357,6.60914996675405,4.09803565417846,5.25530578297289,5.14314516768514
3.79541108031068,5.92449490394895,5.522064580773,4.96270475390618,4.28718070318217,5.3456732125472
4.50133820075756,4.7267945731848,6.13389929354301,NA,3.95833344109774,6.26507525239835
6.43632258146123,3.94353565454057,6.11269593456529,6.53589988321952,4.43429224706392,4.29688413123614
4.01505366892703,4.6507594590651,5.71648154873933,5.57813430449128,4.31044280796971,4.50359513569527
3.72189160728039,6.5745224068157,5.24481792490654,5.39406556709825,6.25154998643791,5.2937337605161
3.75632904706098,5.21041380653315,5.06957868159919,6.11169467147744,3.49428014835727,5.74304753771733
4.05429661534485,6.22279604432621,NA,6.50024458267229,4.15196731434483,7.25885536650572
4.95570475613794,4.6813245407386,5.65529023386451,NA,5.11523817548412,5.46442771865053
5.3670368711419,4.16581127003726,6.26626896577038,4.99554228518664,NA,4.92566813098463
6.71065535294924,6.90634129221588,5.15550170103966,6.48408028288564,6.08604487490028,4.17463072566889
5.94849957656595,3.63612560351461,5.26391759835043,5.05904118036442,4.5712507776385,4.0368751253788
5.9729763734234,7.05879541780936,4.21037942941809,6.16433659397265,4.47641555780394,4.55710645006375
5.06397526206258,4.28866397512673,4.84617831825931,6.04219036053337,4.96130804574282,6.35761872595916
5.93378877792216,4.01067485098365,4.94533383720622,4.53646318948428,5.97604376767105,5.00358351451503
7.06792317806032,6.35439584111625,4.69488110237103,4.32515668839708,4.2125561153078,5.11187189241345
5.04532932018772,4.95092297359123,6.47260178907796,2.89655677803391,3.77337503362066,5.48187112479389
4.33892192769811,5.26161112004166,4.96739689413839,6.22390141589748,3.50408827089405,4.17125866646727
4.5657902173321,5.35675896393772,5.34827710967194,5.17049695692279,4.67378258131274,4.0747891100834
5.44451817212138,4.64140609245121,5.49854857270753,3.0468664522534,5.4861443305021,5.2025794805206
5.69794436127497,4.82987866220295,5.45080723200547,4.94278007894866,6.28267145702121,4.83290079125234
7.13141181728488,4.68711558712441,3.71377926814273,4.45931119953301,5.89939054621677,6.15497789867563
3.81296310296367,5.04693531913781,5.71030519407998,4.80776250137664,5.64911183510034,5.6005835515787
2.68115011164004,3.41847252987542,4.06482368145015,4.4801524407091,5.47769919863472,5.69590932127245
3.84898166465202,5.09605449055084,5.08693987728839,6.18581534798372,4.16696827502784,5.65011550506331
4.58702867220094,6.59650261871455,4.81568269402645,4.87653823875291,4.82105784159103,3.98198610607814
6.24505160773077,4.14788720989119,5.05247244991291,NA,4.11411576143772,6.47423969105391
3.76930408250088,5.25217779105406,4.02893561435268,3.39734408967851,5.24943180594838,6.37044254629477
5.98724760344062,5.51948922442087,6.16183805922874,5.88488619883097,6.15188803214995,6.20874698317073
NA,5.18313255421613,4.31137971925165,4.92110374545591,4.30599279940573,5.35653106747945
5.50920019222279,4.60472650626909,4.20332291901066,5.42050629450161,6.20833625750246,5.01102188807224
4.88919447048957,4.23747722246737,5.35959594376988,5.62215616322053,5.41283299096473,5.28318767481308
4.85091063902814,5.85325412317963,5.27280907757374,4.8216195726574,3.90227055423827,4.20528433460375
5.53855234127006,6.07779519523937,5.79261263260354,5.8767459270877,4.59521911795345,4.79960808791175
4.07683279533616,5.6830857148077,5.13662579199653,4.86761089118744,5.08441321191049,4.75039470607326
3.836762624947,4.03643187924256,4.21361284634394,4.61464578705486,5.01653500022851,6.03342161883829
4.46610762313016,4.13599416992023,5.3948800730004,3.84488382157528,6.24881107443526,4.58541800164316
3.08535706520618,5.88316054271187,5.5183017623451,5.25393293648692,5.20075185166652,3.95838234626676
4.88896420160551,6.89626804724471,4.3101441302144,6.58238150645516,4.6460241252699,5.11565171705574
4.69790957124713,5.80287697133355,2.91410548377958,5.72424932575634,5.7221973612534,6.34765768828545
3.32069000788064,6.07304937744348,NA,7.1034145961773,5.22760250529275,6.01586228265004
4.45350882742962,4.05773844400679,5.28318691184936,5.61791071607023,4.50523902379811,4.79457519422712
6.43268850262969,6.71455555629013,5.8527882875772,3.7454025211566,4.44494952545771,4.31517669282745
5.77493305249945,6.63498379568162,5.57503729545263,4.21038687159795,NA,6.19063121541588
3.61231117359448,NA,2.65020073320918,4.00678411097867,4.9054956008898,4.82014906358123
4.96738032842792,6.43411901785877,6.29228571859002,5.28652300407004,5.85629605975325,3.22271705891315
6.12250113919924,6.33000498795373,5.27704652034633,5.61899037919015,4.70583449390461,4.24796354759489
4.55683206505295,5.15063037013489,4.4708882402584,5.9995828806429,4.94057090416468,5.31750182767246
4.92996826820537,4.55044845243035,4.14792792265272,5.41479668547968,4.02556324798472,5.70133799962535
4.64998857323458,5.61191002962405,4.36747968875933,4.90170496497481,5.24499765070446,8.05911163493876
5.83567221562221,4.04908249055487,4.56628261883669,4.63448191269846,5.27680935287656,5.43772637612456
7.77559989703751,4.8938235542891,4.89787833132945,5.17401170814439,5.69331541732284,5.66931152829425
4.99349700356532,4.6938188117353,5.11099907274458,5.16226231236209,6.19124752190324,3.83287196014243
4.06255463131315,6.02319124001869,4.40301113239424,6.11367017789958,4.56845866179904,4.23184890224303
4.88632469634697,6.51426987688106,4.73366825293937,5.67643998328125,5.95576695760461,4.29972061244044
4.51461319132385,3.81700469782064,4.85640436175726,2.8411527265869,5.53770982599211,6.03289243776333
4.58748127424377,3.92763320464904,4.5648327048722,4.86090905194631,4.61457699035832,6.43409426284817
2.11328035082175,4.37554704668084,5.4252729669623,4.27878664481003,2.58803113460053,3.15855569418963
6.39068421461723,4.3368173825022,3.47798582814668,5.97421863705686,5.36322428428187,4.48311835734475
5.57001998079216,6.01502136531426,4.21765152193594,3.46301369787824,5.78330050522567,4.23074391756697
3.58183624332745,3.85895947704939,6.73180276042853,5.01639706946407,4.57195068113572,NA
4.28561958493798,4.19612272584057,NA,3.13171688893297,5.02097805627809,5.8889220622971
4.8599251907507,6.06048907031576,3.14866863832734,5.22515411367827,5.09010284072835,4.84397412012119
6.41902611360098,5.69428854065047,4.89945032852842,4.85520111046466,5.0533624843288,5.55324466866513
5.17085955550088,5.82358881396524,4.57047410477207,6.28946178061453,NA,5.14236724267595
3.97363201690051,5.27285220281414,NA,4.42356451509223,3.62607585573704,2.88931559837839
4.70923477851304,3.43685345165901,5.41989071076556,5.20815126075265,4.85391136754406,2.46719553967977
4.84877646643508,4.33195181736563,5.05123656734748,3.74398751589337,6.06518758298668,6.78050908876732
3.564359150375,5.09945168083175,4.95016360058438,4.47330955768733,2.46135446459346,4.8249917385523
3.73938752318129,5.73472936711818,6.23696952502538,3.6595031915287,4.65410455411967,5.0498843194398
5.94649301398622,3.09522710566236,4.11595030935351,6.14516533050325,6.14459300219022,4.84341487003993
6.25282010771208,4.35257425501458,5.80554125958839,5.09398832764671,6.19430998032406,4.28123597052011
5.00909363878738,3.84592035282562,5.41324340710767,5.48957805653264,5.17359761213908,5.07725733975435
4.45257579517037,4.91286700202785,5.60068195752188,3.82835253674202,5.26140321622315,4.95558149945747
3.4576723524667,5.66126949217872,3.68709227882354,5.58978053085801,3.62053146113096,5.19340751540948
4.5753381406028,3.9995786203051,7.27548377160758,3.55811112682187,6.08463920355521,5.81859850196806
4.29420571889362,2.54059967799276,5.16314265436492,4.18362345617256,5.14671921640428,3.84400561200489
3.90078467319262,5.12774172137906,6.07426073130153,4.38201217207567,6.41019279984971,4.25461339145506
6.05028896089759,7.03643597235002,5.43473703880549,5.22390814936035,5.3562606428843,6.19181797374759
5.79405162070042,5.85679437699256,4.54812631471866,4.63258425828015,5.93321668424426,2.25903245417634
3.90553251446344,4.08641639156053,4.71190969187106,4.33441699110808,3.9370721951582,6.33930489487411
5.09300277527438,4.48758374064748,7.3098416566178,5.67719911298392,6.55280541112436,4.56928605351438
4.95890701950373,4.62779799444448,4.97236720560656,6.2778196103592,4.86833715805217,2.87569143382701
2.82979463930618,4.98137493002698,5.74658058314053,4.42876742864532,4.4505702427639,4.81244021811908
4.55047764518384,3.99357482427546,6.25192656678067,5.53496682583466,5.86204426955961,5.7681290504531
6.76251299736695,6.09039429205496,5.21464457872504,3.68557213321401,4.45719240419425,6.35734349741128
5.41539570130579,3.93210230170728,3.75947111468963,4.05851448303963,5.32484772042427,4.69166297097964
4.97247988479562,3.81394608344036,5.03347712017361,6.48406861204373,5.10545694390176,4.54568828890569
7.02354674683085,4.90561087681487,3.54082051335479,5.02868204574054,5.6142710051969,4.66954822326051
3.87930155436129,6.32159398434311,5.8438650945373,5.28600258404817,4.85801704221147,5.7510094668278
5.8858803263312,3.20274636467105,4.51210210759993,6.38424543101289,5.42389715689916,4.55188395344711
6.01375381291806,7.00976179121784,4.10659593716135,3.17032265462642,4.28885871494156,6.10372649350703
4.06298467056316,6.69916893710367,NA,5.82885806612276,4.34718147397931,3.25781845520747
6.56581597969201,5.41373518027698,5.29874369205985,5.31451860043397,4.51493009693277,5.24145101257343
5.62843951151919,4.41000807482248,5.23464357181954,5.41613818229725,6.14385359378757,3.91047836310667
4.81692296659934,4.37685485668883,4.24610657980919,7.61307820476796,3.70428024198569,3.25023487007374
4.24829823951511,5.3047877117739,4.61549006680158,5.82632846786153,5.16751101667362,3.91391243355864
5.61033396423758,5.64488406463338,6.26335391180303,3.34488089714732,5.35478484884216,5.94426677170644
4.5164087912875,2.50317423870515,5.02147187885888,3.48381295889247,4.65793195268335,3.61806949627126
5.2886183850041,3.67440745025732,4.52498817242824,4.46493300685518,6.62902912350917,3.75042580801735
5.30301771693822,5.12304089235085,4.72263704413749,5.30732273456224,3.88858682369231,4.43081150809137
6.65811082175327,4.27408119000034,6.30770459695268,5.36098764447761,3.90923444556183,5.08011488611085
5.02691049704494,3.78396765825668,4.83052335513968,6.18327974469018,3.63041701806076,5.25019487004988
4.65120665060851,5.64468726220889,6.11307952123157,5.06103893530353,5.38903980576915,5.4400589075051
3.75595870025913,5.93644893215931,5.57225110822456,4.23161671368487,3.22641971511919,4.98265590259574
NA,4.73001861900427,3.01563649992773,4.20113168623395,4.84671245851939,5.08568443916005
5.35116242151452,2.22890423310329,5.32542129306967,5.54639324541073,4.85564494489887,5.34181728212295
4.33619327397341,4.71941678979703,5.84309719210317,3.58455931224124,6.27322630864926,4.22400582992323
6.20754624468786,4.54727264002149,4.89870631575736,4.75756422140379,4.9098486055848,5.54778837739405
5.23108309029138,6.03719941438247,5.0209322134614,6.39947403301282,5.25951392265862,4.31489420285765
5.76360369087295,5.76964421897951,5.35746206131742,6.12879794413042,3.52723772499226,7.22744411640971
4.58045008970997,4.84622346629888,4.06338542900492,4.950338186209,3.67570720282634,5.99130563188912
6.50491366231312,4.83767194839842,4.67777761034096,5.89670569222458,3.77474096502947,6.25480135760111
4.74327386246481,4.91636876894025,4.76944546466123,3.90951328194268,4.52375746132335,4.1779457030689
4.24714021464684,3.98128117133001,4.92248675281314,4.63552500054443,4.59179896478857,3.91000544792223
4.84186107913251,4.74669569504667,4.71939761663215,4.4309984722975,5.57966111778242,6.02291858877391
3.30396989358118,2.83784034356279,5.66670819815148,6.8458562031629,5.54576246821678,4.87038704171341
4.00165824451555,5.51956372875444,6.29755427719381,4.08754156201313,5.70499498142503,4.88701268004564
3.78845371330854,3.96515220605035,5.79688976588926,3.35085426022489,5.17874148858304,4.90744004916178
4.25504006951117,6.2444736770935,4.49286949511554,4.17624440579272,5.79233655622912,5.15618156234704
3.96481185527768,4.52211374617894,6.49733083578052,4.89005590111332,6.32366638449375,5.87700046474419
5.12073678680041,5.36864116994904,5.08559263411143,5.20032599988093,4.06242520769941,4.14664904025719
6.52406542081199,6.15906408748808,5.36348394463289,3.92951504578556,5.27670390767129,4.68956903782198
5.97292091966209,5.07912251370597,5.38829989107937,5.48263529264064,6.62897941598673,4.95946086133447
5.98514350785791,4.51343007364339,5.25679202747646,3.13338349302485,4.66502902746028,5.10504041479763
5.55219717799422,5.84053669888085,4.06286559349044,5.14886364873582,6.83122566881709,7.15340447789136
4.62474470518332,4.52583745414932,4.8577304855612,4.56536517086983,5.36941924829199,5.68977883516883
6.88604592901567,4.47264942507023,7.20978522183819,3.92338999714533,5.58837356680402,4.61552255200768
5.00015124735007,3.2778105551643,6.18871095935039,4.42256316147143,5.28720948067479,3.64925190960001
3.35089264724246,4.89724000480386,5.6893477483388,NA,5.23395536411775,4.27408460785627
5.29019600102887,4.20246384808829,3.42510381752827,5.89417211147679,4.18754038108575,5.52709312068633
4.78636742153058,5.30609122717412,6.32303010195164,3.82244286686107,6.28048983805252,5.4528423690007
4.07945784072865,3.96448210522766,5.61876437620734,4.97139489025783,5.29831133220429,4.14113064768218
3.71318782631872,4.96721199591382,5.69473965619351,4.52872187010372,6.19659368360269,4.76951417160644
2.10857792241156,5.16767747257526,5.67440160107907,6.09682025966756,4.30276129126121,4.39922007091066
5.37759941777473,4.23595917530106,3.62177921669089,5.60573674754791,4.78868169213344,6.505840565585
6.93818528302428,5.10746819718046,3.66873953881898,4.51867514204385,5.2637959932707,5.99751312214923
4.87750057006205,4.98760825088091,4.55507534672695,5.114689539791,6.01480342409513,5.06766499960042
7.22778475091316,3.38598679483486,5.69807928882424,5.3669895530602,5.00240227360365,5.8742964402849
NA,2.84462367116769,6.73658434024029,3.38325520463379,4.14145971039756,5.51947216603729
5.29219624346038,5.54144666316813,5.01449409376178,5.87779144752799,4.91679013649776,6.57083149049148
5.20285290943993,5.35956766386926,5.76214691254824,5.52822973364192,4.11850291414064,3.75430940978665
5.15674005870996,6.52534919596262,5.94798799849044,4.48801626667372,4.74212582373192,5.78662830028864
3.47891532500063,3.11036503932338,5.27274168764692,4.95695781105318,6.11104903395138,4.88716253208319
5.85720080234789,4.91758638698964,5.26332382294723,4.37590052956847,5.33498195675052,4.44692296663413
3.88273940630831,4.9273732740702,4.29283490489899,6.15916350933525,3.52641301741935,6.62257424217065
5.57455782277328,4.31763465455075,3.77959041867099,4.98066445460524,4.2148555966321,4.41468277286757
3.10568485528686,4.67207849747417,5.82851299116037,5.19610412876582,3.18241154488767,5.26771625493685
5.09174845539489,5.35789867990599,5.88824241591134,4.82658981473366,5.34366501203585,3.15191186680378
5.68095303317811,3.75802834486202,5.86120618462281,5.34110891928675,5.6050505279043,4.12419178621286
4.87211265273979,5.65241533778081,3.249140201285,5.62733902006257,5.59132610108076,5.34795824114784
4.96965909528523,3.59507426469998,5.37732972125093,6.08147562579987,3.86189567440139,5.28900312308572
4.38670823420669,5.03403489569577,4.60575108249846,2.49081787712651,5.05917498354875,4.18889215471564
5.05298348951916,7.24312325084302,5.62493246569007,3.54791018734779,7.5992064984755,NA
6.05279654629976,3.95915686427698,4.33780107491048,5.58005366405416,4.6244925517511,3.40917383577074
3.52835002466168,4.79018477393999,6.09278591419696,5.97748286365362,4.52566340469177,5.01890680323504
4.79377256492494,5.85351878073975,4.41904374235381,6.35085943294727,5.77860931378528,6.79560802814224
4.63398561192985,4.09580750152994,6.37244124310919,4.86803840220689,4.65940257805094,6.41320243382363
6.48500181854193,5.73823470606864,6.40102936055017,5.06381397011124,3.35553185923765,6.4130639220623
3.56442960307367,3.04355523360848,3.05826862356592,4.39388207543649,4.34683682566531,5.57681947132764
5.42579398026234,5.55600745164806,4.39480623393798,5.16473218822114,NA,5.86907161706533
3.89285695382641,2.63222944764688,5.04472658018202,5.29160457762864,4.7589617362239,4.69370352427338
5.15293665480197,5.29464799522081,4.93225525388593,4.87022510238081,5.35994072506714,3.26469654132853
6.49748212467715,6.15018079900609,4.77583830135774,6.10323694940576,4.46344682604783,4.41509112433249
3.08629858833706,6.9474315721068,4.82274228722712,4.28243271481427,5.06269321119134,4.99557937797094
6.79447507016878,4.17841145720145,4.28997494093382,5.97904526351345,4.2422530780011,5.70773309002656
4.13507549834925,3.84883179508811,3.88836007657285,4.91707457545902,2.90802795602501,4.42509634229539
3.50579638355455,4.63588502090491,4.30265489270378,2.98109619449724,6.79530146378914,4.94421399270075
3.49021802080221,7.2081088572098,4.15821053813488,4.65208601539511,4.97720075698573,4.21280902986057
3.22298545753548,3.81335632142329,5.3422245392438,4.41514532031626,5.25740342823836,3.63011747873829
6.12070909136489,5.2962793801537,5.47837716378009,5.23871327392116,4.57676575404162,4.47936549398269
5.38067863440542,4.23021931496254,5.53892204295332,4.82286799308048,4.31872863908759,4.60424100546057
4.72033685061604,4.93192851141944,6.9526443114612,5.10562045575191,6.09067511638779,4.79710806840939
4.4437526823204,5.42370084439821,3.76310974302653,4.83151433809063,6.89351259726778,4.87941312964447
5.44256779776525,5.26703242824194,4.86019364271882,7.46511713536727,3.44362324136768,5.79740633640571
5.55728144023137,7.07372637373146,5.28287886850178,4.72162135350238,5.702760592255,5.61674114969329
3.43484794909274,5.75532115809203,5.2720999869458,4.52409730182783,6.63208286447701,4.71884342784499
NA,4.20607143259075,6.40033078057096,6.05205105151506,NA,5.91056514081976
6.13692623025095,5.4756186787367,5.61934942885642,5.48444068130868,6.0167045309947,4.46836152001169
6.18454811471246,3.57710281529617,5.75780261298801,4.84210040845249,5.30549008218012,3.49445358719272
4.58196441122515,5.72690720926382,4.38942339663838,NA,5.28280006888437,3.97977837975343
4.26361844210577,4.9451668514828,4.56114894486639,5.17756167838964,5.85837128231572,4.94207934581177
4.66737517017161,6.65807974947076,6.67447012743498,5.30668411870668,5.91180123733493,5.48882836541832
4.84905935716517,5.14967218921235,5.04593625404802,4.66661381973101,4.1603972726218,3.52208468073595
5.30347192286233,5.74529310704049,3.68886077425482,4.58137133654945,5.82784141537053,4.00992463744835
3.19671717323465,5.07744645361854,4.68060131719923,3.64167618202178,4.31452527663653,5.54822197806747
4.68995926650462,3.39420734592994,4.64069786777629,5.41610451702554,4.61736969785833,5.79264300707606
5.39542083488001,5.69281405844045,4.48542159258645,4.59639345116296,5.13433074683226,5.89170833306916
5.85416804637809,5.79101053318141,5.2595226907354,5.27044811517276,3.25442171742134,7.09957733553543
4.42843084280602,5.18409545148338,4.61880047850113,5.02369518197811,3.71769985702678,4.21674616929196
4.95096210185788,4.10669247646259,5.48968040759617,5.95890412408598,5.77630933333233,5.59658000544725
5.03508907685234,6.13832217712549,5.04727132013991,5.63986314286323,5.52658763802446,3.14834765422452
6.39053817547996,3.84770313213302,5.42466864746811,5.25296281923499,7.63697465541767,4.92854102819611
4.8178975546911,6.09621297706343,4.26316178650554,4.24799213844632,5.64669806367159,6.03507081122558
4.50882450668837,4.93236272333494,3.56788775627134,4.57163551745506,6.0486695095275,2.44158703173253
5.97391857786076,4.51024278830757,3.55109304176793,4.82537047134411,7.00545689522897,5.27522535714771
6.3686424640951,5.75360939087065,4.46841757582334,6.02183472000341,4.1886332386826,5.18163077702349
5.42056655360063,6.31757969613138,4.34517199092087,7.05800199109545,4.16043351176228,4.01790220430644
2.80534623167462,6.28244989687856,4.24415486403893,5.86855171236494,4.9406573166765,4.30963745838599
4.53668404447235,4.58305050787808,5.80822061496209,4.64463927743803,1.73711077621514,5.04852569842524
4.9831115643006,5.07068294209401,4.07524517237051,4.88726711982816,5.04627409642306,2.19830236870036
5.1820313535924,6.21617818341601,3.84053057628439,3.72135010008934,6.90522348785238,6.92821676356397
NA,4.79376017189189,4.78058250800621,5.90194530240062,5.80607405027156,3.97507447626534
5.78366603641647,4.83719296963205,4.45057283642549,6.62702375627227,5.30430913601591,5.05352895882273
5.99122079752714,5.56643486204237,3.63154455666722,4.96441496546572,6.41151870870512,3.5784771715538
5.18521844633383,5.08676147382547,5.49078989082346,5.57566135331794,3.40809995838437,4.77145943315387
4.42492211360987,4.93430716625395,5.68907479807809,5.46813004656182,NA,5.2680992653821
4.6880575886797,5.82869697112026,4.71344367054455,6.57318318748183,5.51450085496069,4.95677561167631
3.36311864691965,4.54272240377476,4.42050518797677,5.1678919334702,5.38725964577906,5.70774148743083
4.75721733286449,4.27848581883971,6.41550729890706,4.17037791889847,4.59675766347532,5.22563934166491
5.601305842096,3.79350237371797,5.65120766392189,4.54045935879241,5.4420851717348,5.34232820154739
5.269174410309,4.36753398165626,NA,5.58152054995441,6.08963015550163,6.36790262597306
5.60074022259588,4.90060891739657,6.72671639860132,6.27097911043721,5.44976255742695,5.61665100233211
5.44142782988613,4.18712458125436,4.76970043033821,5.27207976136026,NA,7.51741190202172
4.73198899598935,5.64736378943841,4.75050483419935,5.17471633328809,4.49364479520032,3.64353875513346
4.5309553230466,4.2801520415863,5.57386863744975,6.19616150303271,3.53626588480508,4.53238994598369
5.93879161332372,4.19947967572219,4.94065819355142,4.71462747762311,5.74733650583649,4.78649349805847
5.04927011206784,4.46160949558579,3.75264247425834,4.67481922626596,2.57282111518418,2.33030584079441
4.13026862378002,4.09801953616568,4.04652426662836,3.89786759183463,3.99572817738488,5.36174117651281
5.33500877412838,4.72602895139655,4.89765363607037,4.13102302549548,6.0816242061387,5.62651279823421
5.53171840621254,3.81336679218439,5.15203405521294,4.31958557171885,4.109414965766,5.39673195608012
4.89853781767758,4.94863041403254,4.76010189280459,4.73920084725589,5.16078261247152,4.86514586980853
5.43496157536327,3.86788578153183,5.71593914752832,5.98935602204184,3.68143869121737,4.67007099030299
6.5975515678111,6.99476673477165,4.9783732161051,4.05415750397282,3.9271791859118,3.8574597580929
6.4414452932944,4.26209919540939,4.28409475627908,5.05280714570572,4.83447137576065,4.65213234056168
NA,4.9811926691277,3.7586203685399,4.81984509041862,4.48595745933635,3.55440933840222
5.03652893250355,4.29226246443995,2.43956088713459,4.33166416780273,4.15221997929291,4.41870772062075
5.16985897698232,4.86700026510896,4.96932951371222,4.81679786808693,5.24682723233281,5.26538330154171
4.43629853925117,4.77682078352638,5.37536607962012,3.57125945258555,5.205801281193,5.62284563921389
5.63477479595472,6.30869000810556,5.82703375431288,4.42432486543353,5.18787803512884,5.23599455062913
4.89215872233688,4.94331229867136,4.72163082845852,3.73900877215548,3.83750349977967,5.78472263215559
5.21421592091239,4.86786980034522,3.41581854804605,5.87917756852947,6.54524755236416,5.15642258814448
3.51306494607083,5.83919037078647,4.77396959108997,4.89703869807055,5.4823112371538,4.97658765751397
5.29937458227696,5.6234843820594,5.77435401086277,5.20009108196457,5.43345534719965,5.16195260579996
3.62236083452908,4.1179415516218,4.78393169165357,4.31593741448197,3.33631744527093,4.08707624126132
5.80912562465845,6.26334120486757,7.06240490720926,6.30106472781819,4.44651972739075,6.16618841412119
5.99213154893895,6.81437640884089,6.22068968703667,5.90303597527883,4.91589530865365,5.31174365943889
5.94976755319696,5.78879672159984,5.15068932053146,5.24674866360165,4.69111895280555,4.79978644298495
5.18790754224118,5.23654557653459,NA,5.00297247626644,4.78931004242632,4.31386182165397
6.00369738436354,5.67000789496,5.74621759960567,4.15100995635633,5.0777915367764,NA
6.60966206598044,5.06848887740829,5.18181696179741,4.56715716814371,6.803393979606,4.56054544055482
5.90754115352275,6.56574772551484,4.15874798104955,5.8217243522677,6.1413577499228,4.20245783693065
4.89925353856117,3.40549625786932,4.74467895051098,3.35400816574283,4.53345282120541,6.06798263048669
5.5557667243235,5.12562286942285,4.72324334458463,4.1368734426745,5.09800819024976,5.22058717884798
3.75065687157177,5.22689393018158,5.5364916638343,5.31968777732398,5.20724768306992,6.03278643246458
6.09948445258645,5.22754713280307,7.27720839931485,5.38907438221148,5.00158656517464,5.95906966090248
5.87781889706116,5.90924746794853,6.13037577462112,4.48352990168467,4.00355382271777,5.34834586657306
4.30217240482573,5.4377754389502,3.76865503134935,5.42727781206763,4.46833322460372,3.33666192621605
5.55532991058102,5.57803895120837,4.98682493279589,4.13684684860572,5.30464277150981,5.82660234014523
4.36550503507854,5.85947210744668,5.42513574461267,5.04748187215853,4.63866313434738,3.3764227555472
6.69547201689844,6.03564046098732,5.74647344522157,4.67059128965368,4.33285386736183,5.32561127958085
5.51486945259786,5.34505427661836,6.50420096562086,5.03621781445423,4.34779133651002,3.06322057583543
3.53305659020255,3.23278208992396,3.61014175621639,4.45854301741617,5.20825292751644,4.48299859507772
4.13615098001909,6.99356069022092,3.9420959967125,4.2157075589325,5.51280738177715,4.8360111208075
6.34435718346393,4.86667222306819,5.27371783570833,5.61256202599136,5.11216946444014,6.52330308826126
4.12835323852815,5.12176691702462,4.47518781184737,4.65942146433015,5.24509305368255,4.21770727742105
3.57148367733665,2.63676977742509,4.10236341968782,3.88036174919231,6.58295885458676,4.70709066044426
4.58546406255561,6.70332940545654,5.91536202311061,5.167559361655,4.76365210333346,5.97628484459367
5.78556628014334,5.8206058765883,4.51604689495229,5.74491859919938,5.53948792934982,5.17476198351222
5.96291212826352,5.28620994274767,5.52173682772879,6.62868488680928,3.82324859657864,5.20518704653819
3.78664223868779,3.58209969576026,5.43194210772251,4.26131579742871,5.57998544118384,4.5891438886502
6.39329242850495,4.08403807603953,4.37402928452245,6.39006193665383,5.71862705182636,4.97142557344851
5.26808438813817,3.73837641153287,3.86789604225169,6.49922602337045,7.23949974363679,4.51681256798455
5.89177882417102,5.94375267620327,5.92655887301567,4.98989067258526,4.93806929215246,5.07275625918821
4.68626942202689,5.7268054828898,4.57522942914595,5.66569430353992,5.39052490882385,5.1983795563199
4.085444405757,4.68633555428342,4.82952380044201,4.96029166842072,5.56187829973226,3.98553769775486
4.87941570016523,5.63834004531724,6.81781239761153,4.95158527036362,3.51922435439516,4.54101033166186
4.65838956030385,3.8721333450645,3.01777639813612,3.59483615655148,5.34083957156052,4.53613992034052
6.01854806829687,7.87771878427593,5.20731755436741,5.12794023016175,6.31684478560271,5.27520717502668
5.4682619614112,6.20009011085969,7.04504944554485,5.99969718359057,4.05137385813735,4.11838933023051
4.04031793605272,6.09664212911209,4.35960537300596,5.38692251344521,5.57165912978969,6.47734841508118
3.4245033317492,4.32138925086658,4.76181834993703,4.01762391357334,2.84603257547501,3.02721900962481
